timestep_number,analysis_time,cycle_time,max_shearrate,total_volume_delivered,volumetric_flowrate
0,6.500000182541044e-08,0.1059500053524971,5910.2958984375,0.0,0.0
1,1.2499999968440534e-07,0.20374999940395355,59989.64453125,0.0,0.0
2,1.850000046488276e-07,0.3015500009059906,92106.890625,0.0,0.0
3,2.650000112680573e-07,0.43195003271102905,130746.0703125,0.0,0.0
4,3.250000020216248e-07,0.5297499895095825,226480.1875,0.0,0.0
5,3.8499999277519237e-07,0.6275500059127808,236127.8125,0.0,0.0
6,4.4500001195046934e-07,0.725350022315979,206150.75,0.0,0.0
7,5.050000027040369e-07,0.8231499791145325,122450.828125,0.0,0.0
8,5.649999934576044e-07,0.9209499955177307,146842.921875,0.0,0.0
9,6.24999984211172e-07,1.0187499523162842,257422.109375,0.0,0.0
10,6.849999749647395e-07,1.1165499687194824,320115.09375,0.0,0.0
11,7.450000225617259e-07,1.2143499851226807,276411.25,0.0,0.0
12,8.050000133152935e-07,1.312150001525879,159214.40625,0.0,0.0
13,8.65000004068861e-07,1.4099500179290771,121300.4140625,0.0,0.0
14,9.249999948224286e-07,1.5077500343322754,295654.125,0.0,0.0
15,9.85000042419415e-07,1.6055500507354736,387046.3125,0.0,0.0
16,1.0449999763295637e-06,1.7033499479293823,264300.34375,0.0,0.0
17,1.10500002392655e-06,1.8011500835418701,97728.921875,0.0,0.0
18,1.1849999737023609e-06,1.9315499067306519,186614.234375,0.0,0.0
19,1.2450000212993473e-06,2.0293500423431396,335851.375,0.0,0.0
20,1.304999955209496e-06,2.127149820327759,309484.90625,0.0,0.0
21,1.3650000028064824e-06,2.224950075149536,237521.921875,0.0,0.0
22,1.4250000504034688e-06,2.3227500915527344,186791.6875,0.0,0.0
23,1.4849999843136175e-06,2.4205498695373535,144908.359375,0.0,0.0
24,1.5450000319106039e-06,2.518350124359131,294107.0625,0.0,0.0
25,1.6049999658207525e-06,2.61614990234375,357394.1875,0.0,0.0
26,1.665000013417739e-06,2.7139499187469482,176041.3125,0.0,0.0
27,1.7249999473278876e-06,2.8117499351501465,110557.0,0.0,0.0
28,1.784999994924874e-06,2.9095499515533447,187471.46875,0.0,0.0
29,1.8450000425218605e-06,3.007349967956543,285410.5625,0.0,0.0
30,1.9049999764320091e-06,3.105149984359741,303356.75,0.0,0.0
31,1.964999910342158e-06,3.2029497623443604,285253.1875,0.0,0.0
32,2.0249999579391442e-06,3.3007500171661377,234460.796875,0.0,0.0
33,2.1050000214017928e-06,3.431149959564209,157358.796875,0.0,0.0
34,2.165000068998779e-06,3.5289502143859863,178192.34375,0.0,0.0
35,2.22499988922209e-06,3.6267497539520264,191605.5625,0.0,0.0
36,2.2849999368190765e-06,3.7245500087738037,156253.71875,0.0,0.0
37,2.344999984416063e-06,3.822350025177002,121974.234375,0.0,0.0
38,2.4050000320130493e-06,3.9201500415802,166054.234375,0.0,0.0
39,2.4650000796100358e-06,4.017950057983398,213734.78125,0.0,0.0
40,2.5249998998333467e-06,4.115749835968018,260040.40625,0.0,0.0
41,2.584999947430333e-06,4.213550090789795,159863.578125,0.0,0.0
42,2.6449999950273195e-06,4.311349868774414,155819.96875,0.0,0.0
43,2.705000042624306e-06,4.409150123596191,143290.65625,0.0,0.0
44,2.7650000902212923e-06,4.506950378417969,163046.234375,0.0,0.0
45,2.8249999104446033e-06,4.60474967956543,195118.265625,0.0,0.0
46,2.8849999580415897e-06,4.702549934387207,147477.921875,0.0,0.0
47,2.945000005638576e-06,4.800350189208984,106816.8359375,0.0,0.0
48,3.0250000691012247e-06,4.930749893188477,170120.84375,0.0,0.0
49,3.0849998893245356e-06,5.028549671173096,228186.578125,0.0,0.0
50,3.144999936921522e-06,5.126349925994873,214494.75,0.0,0.0
51,3.2049999845185084e-06,5.22415018081665,192730.78125,0.0,0.0
52,3.265000032115495e-06,5.3219499588012695,164968.78125,0.0,0.0
53,3.3250000797124812e-06,5.419750213623047,142445.25,0.0,0.0
54,3.384999899935792e-06,5.517549991607666,206578.296875,0.0,0.0
55,3.4449999475327786e-06,5.615349769592285,241927.140625,0.0,0.0
56,3.504999995129765e-06,5.7131500244140625,185317.75,0.0,0.0
57,3.5650000427267514e-06,5.81095027923584,159117.859375,0.0,0.0
58,3.625000090323738e-06,5.908750057220459,222814.84375,0.0,0.0
59,3.6849999105470488e-06,6.006549835205078,355574.90625,0.0,0.0
60,3.744999958144035e-06,6.1043500900268555,378179.90625,0.0,0.0
61,3.8050000057410216e-06,6.202149868011475,302155.53125,0.0,0.0
62,3.865000053338008e-06,6.299950122833252,216115.84375,0.0,0.0
63,3.884999841829995e-06,6.332549571990967,202305.21875,0.0,0.0
64,3.9450001168006565e-06,6.430350303649902,163850.390625,0.0,0.0
65,4.0049999370239675e-06,6.5281500816345215,158933.515625,0.0,0.0
66,4.065000211994629e-06,6.625950336456299,182182.8125,0.0,0.0
67,4.12500003221794e-06,6.723750114440918,156575.5625,0.0,0.0
68,4.184999852441251e-06,6.821549892425537,124922.0234375,0.0,0.0
69,4.245000127411913e-06,6.9193501472473145,141690.796875,0.0,0.0
70,4.304999947635224e-06,7.017149925231934,228421.3125,0.0,0.0
71,4.365000222605886e-06,7.114950180053711,268154.96875,0.0,0.0
72,4.425000042829197e-06,7.21274995803833,250014.9375,0.0,0.0
73,4.484999863052508e-06,7.310549736022949,196334.8125,0.0,0.0
74,4.54500013802317e-06,7.408349990844727,172037.5625,0.0,0.0
75,4.604999958246481e-06,7.506149768829346,181969.28125,0.0,0.0
76,4.664999778469792e-06,7.603949546813965,265597.0,0.0,0.0
77,4.7250000534404535e-06,7.7017502784729,228119.25,0.0,0.0
78,4.805000116903102e-06,7.832149982452393,132197.171875,0.0,0.0
79,4.864999937126413e-06,7.929949760437012,221662.0625,0.0,0.0
80,4.925000212097075e-06,8.027750015258789,271225.9375,0.0,0.0
81,4.985000032320386e-06,8.125550270080566,259966.53125,0.0,0.0
82,5.044999852543697e-06,8.223349571228027,210085.234375,0.0,0.0
83,5.105000127514359e-06,8.321149826049805,156443.25,0.0,0.0
84,5.1649999477376696e-06,8.418950080871582,124324.46875,0.0,0.0
85,5.225000222708331e-06,8.51675033569336,150974.875,0.0,0.0
86,5.285000042931642e-06,8.61454963684082,161488.34375,0.0,0.0
87,5.344999863154953e-06,8.712349891662598,139676.40625,0.0,0.0
88,5.405000138125615e-06,8.810150146484375,112848.59375,0.0,0.0
89,5.464999958348926e-06,8.907950401306152,190460.421875,0.0,0.0
90,5.524999778572237e-06,9.005749702453613,292014.34375,0.0,0.0
91,5.585000053542899e-06,9.10354995727539,358991.71875,0.0,0.0
92,5.64499987376621e-06,9.201350212097168,311315.96875,0.0,0.0
93,5.7249999372288585e-06,9.33174991607666,229761.75,0.0,0.0
94,5.78500021219952e-06,9.429550170898438,183653.640625,0.0,0.0
95,5.845000032422831e-06,9.527350425720215,152641.375,0.0,0.0
96,5.904999852646142e-06,9.625149726867676,132449.953125,0.0,0.0
97,5.965000127616804e-06,9.722949981689453,116231.8203125,0.0,0.0
98,6.024999947840115e-06,9.82075023651123,93950.8984375,0.0,0.0
99,6.085000222810777e-06,9.918550491333008,132633.546875,0.0,0.0
100,6.145000043034088e-06,10.016349792480469,268845.6875,0.0,0.0
101,6.204999863257399e-06,10.114150047302246,270676.25,0.0,0.0
102,6.265000138228061e-06,10.211950302124023,237030.1875,0.0,0.0
103,6.324999958451372e-06,10.309749603271484,195690.78125,0.0,0.0
104,6.384999778674683e-06,10.407549858093262,150510.34375,0.0,0.0
105,6.4450000536453445e-06,10.505350112915039,143289.9375,0.0,0.0
106,6.504999873868655e-06,10.6031494140625,163273.703125,0.0,0.0
107,6.565000148839317e-06,10.700950622558594,140209.8125,0.0,0.0
108,6.645000212301966e-06,10.831350326538086,105221.25,0.0,0.0
109,6.705000032525277e-06,10.929149627685547,206021.6875,0.0,0.0
110,6.764999852748588e-06,11.026949882507324,293447.6875,0.0,0.0
111,6.8250001277192496e-06,11.124750137329102,325074.4375,0.0,0.0
112,6.8849999479425605e-06,11.222549438476562,277128.875,0.0,0.0
113,6.945000222913222e-06,11.320350646972656,218096.9375,0.0,0.0
114,7.005000043136533e-06,11.418149948120117,185039.765625,0.0,0.0
115,7.064999863359844e-06,11.515950202941895,260009.96875,0.0,0.0
116,7.125000138330506e-06,11.613750457763672,310586.78125,0.0,0.0
117,7.184999958553817e-06,11.711549758911133,253993.4375,0.0,0.0
118,7.244999778777128e-06,11.80935001373291,155466.921875,0.0,0.0
119,7.30500005374779e-06,11.907150268554688,137489.265625,0.0,0.0
120,7.364999873971101e-06,12.004949569702148,175783.4375,0.0,0.0
121,7.425000148941763e-06,12.102749824523926,268627.75,0.0,0.0
122,7.484999969165074e-06,12.200550079345703,266566.875,0.0,0.0
123,7.565000032627722e-06,12.330949783325195,183257.671875,0.0,0.0
124,7.624999852851033e-06,12.428750038146973,121334.71875,0.0,0.0
125,7.685000127821695e-06,12.52655029296875,183436.0,0.0,0.0
126,7.745000402792357e-06,12.624350547790527,211107.53125,0.0,0.0
127,7.804999768268317e-06,12.722149848937988,157031.203125,0.0,0.0
128,7.865000043238979e-06,12.819950103759766,137882.9375,0.0,0.0
129,7.92500031820964e-06,12.917750358581543,269124.0625,0.0,0.0
130,7.9849996836856e-06,13.015549659729004,357611.15625,0.0,0.0
131,8.044999958656263e-06,13.113349914550781,364929.40625,0.0,0.0
132,8.105000233626924e-06,13.211150169372559,315990.96875,0.0,0.0
133,8.164999599102885e-06,13.30894947052002,243174.09375,0.0,0.0
134,8.224999874073546e-06,13.406749725341797,190757.59375,0.0,0.0
135,8.285000149044208e-06,13.504549980163574,193011.375,0.0,0.0
136,8.34500042401487e-06,13.602350234985352,229605.140625,0.0,0.0
137,8.40499978949083e-06,13.700149536132812,194349.125,0.0,0.0
138,8.484999852953479e-06,13.830550193786621,139826.65625,0.0,0.0
139,8.54500012792414e-06,13.928350448608398,144339.25,0.0,0.0
140,8.605000402894802e-06,14.026150703430176,216757.328125,0.0,0.0
141,8.664999768370762e-06,14.123950004577637,228091.109375,0.0,0.0
142,8.725000043341424e-06,14.221750259399414,225320.890625,0.0,0.0
143,8.785000318312086e-06,14.319550514221191,200115.5625,0.0,0.0
144,8.844999683788046e-06,14.417349815368652,165095.453125,0.0,0.0
145,8.904999958758708e-06,14.51515007019043,198172.0625,0.0,0.0
146,8.96500023372937e-06,14.612950325012207,235751.109375,0.0,0.0
147,9.02499959920533e-06,14.710749626159668,183578.984375,0.0,0.0
148,9.084999874175992e-06,14.808549880981445,136101.375,0.0,0.0
149,9.145000149146654e-06,14.906350135803223,226690.734375,0.0,0.0
150,9.205000424117316e-06,15.004150390625,316333.1875,0.0,0.0
151,9.264999789593276e-06,15.101949691772461,331835.53125,0.0,0.0
152,9.325000064563937e-06,15.199749946594238,277954.59375,0.0,0.0
153,9.344999853055924e-06,15.232349395751953,252034.90625,0.0,0.0
154,9.405000128026586e-06,15.330150604248047,176557.171875,0.0,0.0
155,9.465000402997248e-06,15.427950859069824,137953.40625,0.0,0.0
156,9.524999768473208e-06,15.525749206542969,187735.140625,0.0,0.0
157,9.58500004344387e-06,15.623550415039062,227913.265625,0.0,0.0
158,9.645000318414532e-06,15.72135066986084,172288.4375,0.0,0.0
159,9.704999683890492e-06,15.819149017333984,153248.625,0.0,0.0
160,9.764999958861154e-06,15.916950225830078,165460.703125,0.0,0.0
161,9.825000233831815e-06,16.01474952697754,218838.46875,0.0,0.0
162,9.884999599307775e-06,16.112548828125,235927.09375,0.0,0.0
163,9.944999874278437e-06,16.210350036621094,219610.109375,0.0,0.0
164,1.00050001492491e-05,16.308149337768555,167951.40625,0.0,0.0
165,1.0065000424219761e-05,16.40595054626465,124855.8515625,0.0,0.0
166,1.0124999789695721e-05,16.50374984741211,198499.4375,0.0,0.0
167,1.0185000064666383e-05,16.601551055908203,256073.703125,0.0,0.0
168,1.0265000128129032e-05,16.731950759887695,139261.703125,0.0,0.0
169,1.0325000403099693e-05,16.829750061035156,127951.4921875,0.0,0.0
170,1.0384999768575653e-05,16.927549362182617,285735.78125,0.0,0.0
171,1.0445000043546315e-05,17.02535057067871,406215.28125,0.0,0.0
172,1.0505000318516977e-05,17.123149871826172,414953.9375,0.0,0.0
173,1.0564999683992937e-05,17.220949172973633,340244.46875,0.0,0.0
174,1.0624999958963599e-05,17.318750381469727,244412.015625,0.0,0.0
175,1.0685000233934261e-05,17.416549682617188,177677.703125,0.0,0.0
176,1.0744999599410221e-05,17.51434898376465,198730.859375,0.0,0.0
177,1.0804999874380883e-05,17.612150192260742,226679.28125,0.0,0.0
178,1.0865000149351545e-05,17.709949493408203,139208.296875,0.0,0.0
179,1.0925000424322207e-05,17.807750701904297,108515.8671875,0.0,0.0
180,1.0984999789798167e-05,17.905550003051758,165442.328125,0.0,0.0
181,1.1045000064768828e-05,18.00334930419922,296371.46875,0.0,0.0
182,1.110500033973949e-05,18.101150512695312,340879.84375,0.0,0.0
183,1.1185000403202139e-05,18.231550216674805,268240.875,0.0,0.0
184,1.1244999768678099e-05,18.329349517822266,215043.0625,0.0,0.0
185,1.130500004364876e-05,18.42715072631836,168776.421875,0.0,0.0
186,1.1365000318619423e-05,18.52495002746582,170189.25,0.0,0.0
187,1.1424999684095383e-05,18.62274932861328,186085.359375,0.0,0.0
188,1.1484999959066045e-05,18.720550537109375,190058.6875,0.0,0.0
189,1.1545000234036706e-05,18.818349838256836,167141.203125,0.0,0.0
190,1.1604999599512666e-05,18.916149139404297,291845.5,0.0,0.0
191,1.1664999874483328e-05,19.01395034790039,444903.78125,0.0,0.0
192,1.172500014945399e-05,19.11174964904785,417951.53125,0.0,0.0
193,1.1785000424424652e-05,19.209550857543945,336492.40625,0.0,0.0
194,1.1844999789900612e-05,19.307350158691406,292043.6875,0.0,0.0
195,1.1905000064871274e-05,19.405149459838867,227140.40625,0.0,0.0
196,1.1965000339841936e-05,19.50295066833496,183366.453125,0.0,0.0
197,1.2024999705317896e-05,19.600749969482422,227327.3125,0.0,0.0
198,1.2104999768780544e-05,19.731149673461914,192711.875,0.0,0.0
199,1.2165000043751206e-05,19.828950881958008,137457.484375,0.0,0.0
200,1.2225000318721868e-05,19.92675018310547,186499.65625,0.0,0.0
201,1.2284999684197828e-05,20.02454948425293,311794.75,0.0,0.0
202,1.234499995916849e-05,20.122350692749023,313361.4375,0.0,0.0
203,1.2405000234139152e-05,20.220149993896484,250529.125,0.0,0.0
204,1.2464999599615112e-05,20.317949295043945,224600.625,0.0,0.0
205,1.2524999874585774e-05,20.41575050354004,183559.890625,0.0,0.0
206,1.2585000149556436e-05,20.5135498046875,180064.03125,0.0,0.0
207,1.2645000424527097e-05,20.611351013183594,200086.0625,0.0,0.0
208,1.2704999790003058e-05,20.709150314331055,158968.796875,0.0,0.0
209,1.276500006497372e-05,20.806949615478516,110784.2265625,0.0,0.0
210,1.2825000339944381e-05,20.90475082397461,185801.515625,0.0,0.0
211,1.2884999705420341e-05,21.00255012512207,311289.34375,0.0,0.0
212,1.2944999980391003e-05,21.10034942626953,358240.03125,0.0,0.0
213,1.3025000043853652e-05,21.230749130249023,270394.375,0.0,0.0
214,1.3085000318824314e-05,21.328550338745117,221785.71875,0.0,0.0
215,1.3144999684300274e-05,21.426349639892578,172513.125,0.0,0.0
216,1.3204999959270936e-05,21.524150848388672,197624.1875,0.0,0.0
217,1.3265000234241597e-05,21.621950149536133,212089.78125,0.0,0.0
218,1.3324999599717557e-05,21.719749450683594,166424.765625,0.0,0.0
219,1.338499987468822e-05,21.817550659179688,152064.703125,0.0,0.0
220,1.3445000149658881e-05,21.91534996032715,152742.75,0.0,0.0
221,1.3505000424629543e-05,22.013151168823242,269284.28125,0.0,0.0
222,1.3564999790105503e-05,22.110950469970703,298865.375,0.0,0.0
223,1.3625000065076165e-05,22.208749771118164,240848.375,0.0,0.0
224,1.3685000340046827e-05,22.306550979614258,187788.40625,0.0,0.0
225,1.3744999705522787e-05,22.40435028076172,170550.140625,0.0,0.0
226,1.3804999980493449e-05,22.50214958190918,167723.78125,0.0,0.0
227,1.386500025546411e-05,22.599950790405273,182948.71875,0.0,0.0
228,1.3885000043956097e-05,22.632549285888672,184492.09375,0.0,0.0
229,1.3945000318926759e-05,22.730350494384766,150005.46875,0.0,0.0
230,1.4004999684402719e-05,22.828149795532227,124626.1015625,0.0,0.0
231,1.4064999959373381e-05,22.925949096679688,244985.265625,0.0,0.0
232,1.4125000234344043e-05,23.02375030517578,368053.625,0.0,0.0
233,1.4184999599820003e-05,23.121549606323242,377559.4375,0.0,0.0
234,1.4244999874790665e-05,23.219348907470703,305431.0,0.0,0.0
235,1.4305000149761327e-05,23.317150115966797,222224.96875,0.0,0.0
236,1.4365000424731988e-05,23.41495132446289,157261.21875,0.0,0.0
237,1.4424999790207949e-05,23.51274871826172,209852.921875,0.0,0.0
238,1.448500006517861e-05,23.610549926757812,248763.1875,0.0,0.0
239,1.4545000340149272e-05,23.708351135253906,211859.9375,0.0,0.0
240,1.4604999705625232e-05,23.806150436401367,142063.390625,0.0,0.0
241,1.4664999980595894e-05,23.903949737548828,185852.21875,0.0,0.0
242,1.4725000255566556e-05,24.001750946044922,284425.0625,0.0,0.0
243,1.4805000319029205e-05,24.132150650024414,287682.6875,0.0,0.0
244,1.4864999684505165e-05,24.229949951171875,239123.609375,0.0,0.0
245,1.4924999959475826e-05,24.327749252319336,191493.96875,0.0,0.0
246,1.4985000234446488e-05,24.42555046081543,153564.046875,0.0,0.0
247,1.5044999599922448e-05,24.52334976196289,166944.609375,0.0,0.0
248,1.510499987489311e-05,24.62114906311035,179307.03125,0.0,0.0
249,1.5165000149863772e-05,24.718950271606445,162206.140625,0.0,0.0
250,1.5225000424834434e-05,24.81675148010254,128478.390625,0.0,0.0
251,1.5285000699805096e-05,24.91455078125,223551.4375,0.0,0.0
252,1.5345000065281056e-05,25.01235008239746,370462.0,0.0,0.0
253,1.5404999430757016e-05,25.110149383544922,433166.75,0.0,0.0
254,1.546500061522238e-05,25.207950592041016,350195.15625,0.0,0.0
255,1.552499998069834e-05,25.305749893188477,284725.4375,0.0,0.0
256,1.55849993461743e-05,25.403549194335938,217760.90625,0.0,0.0
257,1.5645000530639663e-05,25.50135040283203,184554.25,0.0,0.0
258,1.572499968460761e-05,25.631750106811523,227594.015625,0.0,0.0
259,1.5785000869072974e-05,25.729551315307617,168274.34375,0.0,0.0
260,1.5845000234548934e-05,25.827350616455078,109131.1171875,0.0,0.0
261,1.5904999600024894e-05,25.92514991760254,215113.125,0.0,0.0
262,1.5965000784490258e-05,26.022951126098633,349237.75,0.0,0.0
263,1.6025000149966218e-05,26.120750427246094,307532.15625,0.0,0.0
264,1.6084999515442178e-05,26.218549728393555,255391.921875,0.0,0.0
265,1.614500069990754e-05,26.31635093688965,200903.359375,0.0,0.0
266,1.62050000653835e-05,26.41415023803711,152687.515625,0.0,0.0
267,1.626499943085946e-05,26.51194953918457,179051.09375,0.0,0.0
268,1.6325000615324825e-05,26.609750747680664,189545.171875,0.0,0.0
269,1.6384999980800785e-05,26.707550048828125,165404.875,0.0,0.0
270,1.6444999346276745e-05,26.805349349975586,119454.09375,0.0,0.0
271,1.650500053074211e-05,26.90315055847168,193347.671875,0.0,0.0
272,1.656499989621807e-05,27.00094985961914,301622.03125,0.0,0.0
273,1.664500086917542e-05,27.131351470947266,322357.5,0.0,0.0
274,1.670500023465138e-05,27.229150772094727,273131.40625,0.0,0.0
275,1.676499960012734e-05,27.326950073242188,201042.765625,0.0,0.0
276,1.6825000784592703e-05,27.42475128173828,146331.515625,0.0,0.0
277,1.6885000150068663e-05,27.522550582885742,232061.8125,0.0,0.0
278,1.6944999515544623e-05,27.620349884033203,279180.75,0.0,0.0
279,1.7005000700009987e-05,27.718151092529297,210594.390625,0.0,0.0
280,1.7065000065485947e-05,27.815950393676758,134027.015625,0.0,0.0
281,1.7124999430961907e-05,27.91374969482422,167893.25,0.0,0.0
282,1.718500061542727e-05,28.011550903320312,319551.25,0.0,0.0
283,1.724499998090323e-05,28.109350204467773,336393.5,0.0,0.0
284,1.730499934637919e-05,28.207149505615234,284039.59375,0.0,0.0
285,1.7365000530844554e-05,28.304950714111328,240498.15625,0.0,0.0
286,1.7424999896320514e-05,28.40275001525879,195609.671875,0.0,0.0
287,1.7484999261796474e-05,28.50054931640625,167346.84375,0.0,0.0
288,1.7565000234753825e-05,28.630950927734375,154550.8125,0.0,0.0
289,1.7624999600229785e-05,28.728750228881836,155053.703125,0.0,0.0
290,1.768500078469515e-05,28.82655143737793,141917.640625,0.0,0.0
291,1.774500015017111e-05,28.92435073852539,210589.4375,0.0,0.0
292,1.780499951564707e-05,29.02215003967285,297706.5625,0.0,0.0
293,1.7865000700112432e-05,29.119951248168945,327731.46875,0.0,0.0
294,1.7925000065588392e-05,29.217750549316406,292192.71875,0.0,0.0
295,1.7984999431064352e-05,29.315549850463867,226546.96875,0.0,0.0
296,1.8045000615529716e-05,29.41335105895996,178020.28125,0.0,0.0
297,1.8104999981005676e-05,29.511150360107422,232382.046875,0.0,0.0
298,1.8164999346481636e-05,29.608949661254883,269938.3125,0.0,0.0
299,1.8225000530947e-05,29.706750869750977,228570.328125,0.0,0.0
300,1.828499989642296e-05,29.804550170898438,228855.609375,0.0,0.0
301,1.834499926189892e-05,29.9023494720459,242179.75,0.0,0.0
302,1.8405000446364284e-05,30.000150680541992,308513.28125,0.0,0.0
303,1.848499960033223e-05,30.13054847717285,283039.03125,0.0,0.0
304,1.8545000784797594e-05,30.228351593017578,233557.3125,0.0,0.0
305,1.8605000150273554e-05,30.32615089416504,178078.78125,0.0,0.0
306,1.8664999515749514e-05,30.423948287963867,145177.171875,0.0,0.0
307,1.8725000700214878e-05,30.521751403808594,129843.625,0.0,0.0
308,1.8785000065690838e-05,30.619550704956055,165250.40625,0.0,0.0
309,1.8844999431166798e-05,30.717350006103516,138613.15625,0.0,0.0
310,1.890500061563216e-05,30.81515121459961,129983.328125,0.0,0.0
311,1.896499998110812e-05,30.91295051574707,132933.5,0.0,0.0
312,1.902499934658408e-05,31.01074981689453,255927.296875,0.0,0.0
313,1.9085000531049445e-05,31.108551025390625,269259.0625,0.0,0.0
314,1.9144999896525405e-05,31.206350326538086,209183.65625,0.0,0.0
315,1.9204999262001365e-05,31.304149627685547,174327.734375,0.0,0.0
316,1.926500044646673e-05,31.40195083618164,154178.671875,0.0,0.0
317,1.932499981194269e-05,31.4997501373291,152566.234375,0.0,0.0
318,1.9344999600434676e-05,31.5323486328125,174572.203125,0.0,0.0
319,1.940500078490004e-05,31.630151748657227,194275.9375,0.0,0.0
320,1.9465000150376e-05,31.727951049804688,148813.640625,0.0,0.0
321,1.952499951585196e-05,31.825748443603516,140131.265625,0.0,0.0
322,1.9585000700317323e-05,31.923551559448242,234464.53125,0.0,0.0
323,1.9645000065793283e-05,32.0213508605957,321261.09375,0.0,0.0
324,1.9704999431269243e-05,32.11914825439453,308957.34375,0.0,0.0
325,1.9765000615734607e-05,32.216949462890625,269756.65625,0.0,0.0
326,1.9824999981210567e-05,32.31475067138672,236972.890625,0.0,0.0
327,1.9884999346686527e-05,32.41254806518555,192465.125,0.0,0.0
328,1.994500053115189e-05,32.51034927368164,163038.15625,0.0,0.0
329,2.000499989662785e-05,32.608150482177734,187718.8125,0.0,0.0
330,2.006499926210381e-05,32.70594787597656,143906.9375,0.0,0.0
331,2.0125000446569175e-05,32.803749084472656,140009.6875,0.0,0.0
332,2.0184999812045135e-05,32.90155029296875,142035.34375,0.0,0.0
333,2.0265000785002485e-05,33.031951904296875,298097.34375,0.0,0.0
334,2.0325000150478445e-05,33.1297492980957,297071.5625,0.0,0.0
335,2.0384999515954405e-05,33.2275505065918,270514.3125,0.0,0.0
336,2.044500070041977e-05,33.32535171508789,213476.90625,0.0,0.0
337,2.050500006589573e-05,33.42314910888672,156046.0625,0.0,0.0
338,2.056499943137169e-05,33.52095031738281,184396.875,0.0,0.0
339,2.0625000615837052e-05,33.618751525878906,206616.578125,0.0,0.0
340,2.0684999981313013e-05,33.716548919677734,132668.328125,0.0,0.0
341,2.0744999346788973e-05,33.81435012817383,104562.0078125,0.0,0.0
342,2.0805000531254336e-05,33.91215133666992,159987.78125,0.0,0.0
343,2.0864999896730296e-05,34.00994873046875,282587.53125,0.0,0.0
344,2.0924999262206256e-05,34.107749938964844,279260.5,0.0,0.0
345,2.098500044667162e-05,34.20555114746094,229741.265625,0.0,0.0
346,2.104499981214758e-05,34.303348541259766,194388.84375,0.0,0.0
347,2.110499917762354e-05,34.40114974975586,154194.734375,0.0,0.0
348,2.118500015058089e-05,34.531551361083984,129901.7890625,0.0,0.0
349,2.124499951605685e-05,34.62934875488281,148498.328125,0.0,0.0
350,2.1305000700522214e-05,34.727149963378906,116892.625,0.0,0.0
351,2.1365000065998174e-05,34.824951171875,98438.296875,0.0,0.0
352,2.1424999431474134e-05,34.92274856567383,164498.546875,0.0,0.0
353,2.1485000615939498e-05,35.02054977416992,215126.359375,0.0,0.0
354,2.1544999981415458e-05,35.118350982666016,252676.484375,0.0,0.0
355,2.1604999346891418e-05,35.216148376464844,234941.3125,0.0,0.0
356,2.1665000531356782e-05,35.31394958496094,195129.515625,0.0,0.0
357,2.1724999896832742e-05,35.41175079345703,147811.921875,0.0,0.0
358,2.1784999262308702e-05,35.50954818725586,114534.3359375,0.0,0.0
359,2.1845000446774065e-05,35.60734939575195,119780.6484375,0.0,0.0
360,2.1904999812250026e-05,35.70515060424805,115396.015625,0.0,0.0
361,2.1964999177725986e-05,35.802947998046875,108328.2890625,0.0,0.0
362,2.202500036219135e-05,35.90074920654297,135837.5,0.0,0.0
363,2.2104999516159296e-05,36.031150817871094,297435.4375,0.0,0.0
364,2.216500070062466e-05,36.12895202636719,261039.5,0.0,0.0
365,2.222500006610062e-05,36.226749420166016,212812.96875,0.0,0.0
366,2.228499943157658e-05,36.32455062866211,170110.34375,0.0,0.0
367,2.2345000616041943e-05,36.4223518371582,158228.53125,0.0,0.0
368,2.2404999981517904e-05,36.52014923095703,164344.90625,0.0,0.0
369,2.2464999346993864e-05,36.617950439453125,187481.5,0.0,0.0
370,2.2525000531459227e-05,36.71575164794922,157605.1875,0.0,0.0
371,2.2584999896935187e-05,36.81354904174805,162163.078125,0.0,0.0
372,2.2644999262411147e-05,36.91135025024414,231666.5625,0.0,0.0
373,2.270500044687651e-05,37.009151458740234,380461.875,0.0,0.0
374,2.276499981235247e-05,37.10694885253906,359444.9375,0.0,0.0
375,2.282499917782843e-05,37.204750061035156,266622.21875,0.0,0.0
376,2.2885000362293795e-05,37.30255126953125,218003.0625,0.0,0.0
377,2.2944999727769755e-05,37.40034866333008,171494.46875,0.0,0.0
378,2.3025000700727105e-05,37.5307502746582,133004.15625,0.0,0.0
379,2.3085000066203065e-05,37.6285514831543,134905.09375,0.0,0.0
380,2.3144999431679025e-05,37.726348876953125,140120.5,0.0,0.0
381,2.320500061614439e-05,37.82415008544922,116706.0625,0.0,0.0
382,2.326499998162035e-05,37.92195129394531,150651.4375,0.0,0.0
383,2.332499934709631e-05,38.01974868774414,223907.40625,0.0,0.0
384,2.3385000531561673e-05,38.117549896240234,219144.890625,0.0,0.0
385,2.3444999897037633e-05,38.21535110473633,215972.96875,0.0,0.0
386,2.3504999262513593e-05,38.313148498535156,176165.15625,0.0,0.0
387,2.3565000446978956e-05,38.41094970703125,134180.0,0.0,0.0
388,2.3624999812454917e-05,38.508750915527344,250216.1875,0.0,0.0
389,2.3684999177930877e-05,38.60654830932617,318377.78125,0.0,0.0
390,2.374500036239624e-05,38.704349517822266,258430.375,0.0,0.0
391,2.38049997278722e-05,38.80215072631836,192325.59375,0.0,0.0
392,2.386499909334816e-05,38.89994812011719,259564.640625,0.0,0.0
393,2.388500070082955e-05,38.932552337646484,279979.375,0.0,0.0
394,2.394500006630551e-05,39.03034973144531,329772.8125,0.0,0.0
395,2.400499943178147e-05,39.128150939941406,318090.125,0.0,0.0
396,2.4065000616246834e-05,39.2259521484375,260108.328125,0.0,0.0
397,2.4124999981722794e-05,39.32374954223633,229275.09375,0.0,0.0
398,2.4184999347198755e-05,39.42155075073242,197465.40625,0.0,0.0
399,2.4245000531664118e-05,39.519351959228516,208386.578125,0.0,0.0
400,2.4304999897140078e-05,39.617149353027344,224810.640625,0.0,0.0
401,2.436499926261604e-05,39.71495056152344,185526.921875,0.0,0.0
402,2.4425000447081402e-05,39.81275177001953,138637.0,0.0,0.0
403,2.4484999812557362e-05,39.91054916381836,167453.921875,0.0,0.0
404,2.4544999178033322e-05,40.00835037231445,259762.875,0.0,0.0
405,2.4605000362498686e-05,40.10615158081055,262667.6875,0.0,0.0
406,2.4664999727974646e-05,40.203948974609375,231479.140625,0.0,0.0
407,2.4724999093450606e-05,40.30175018310547,178047.3125,0.0,0.0
408,2.4805000066407956e-05,40.432151794433594,141256.8125,0.0,0.0
409,2.4864999431883916e-05,40.52994918823242,157792.265625,0.0,0.0
410,2.492500061634928e-05,40.627750396728516,201441.28125,0.0,0.0
411,2.498499998182524e-05,40.72555160522461,152660.96875,0.0,0.0
412,2.50449993473012e-05,40.82334899902344,115109.328125,0.0,0.0
413,2.5105000531766564e-05,40.92115020751953,271339.25,0.0,0.0
414,2.5164999897242524e-05,41.018951416015625,390622.65625,0.0,0.0
415,2.5224999262718484e-05,41.11674880981445,404217.5,0.0,0.0
416,2.5285000447183847e-05,41.21455001831055,339926.84375,0.0,0.0
417,2.5344999812659808e-05,41.31235122680664,259443.40625,0.0,0.0
418,2.5404999178135768e-05,41.41014862060547,199205.59375,0.0,0.0
419,2.546500036260113e-05,41.50794982910156,164266.375,0.0,0.0
420,2.552499972807709e-05,41.605751037597656,202086.703125,0.0,0.0
421,2.558499909355305e-05,41.703548431396484,194180.53125,0.0,0.0
422,2.5645000278018415e-05,41.80134963989258,129491.1328125,0.0,0.0
423,2.5724999431986362e-05,41.93174743652344,199232.671875,0.0,0.0
424,2.5785000616451725e-05,42.0295524597168,286250.59375,0.0,0.0
425,2.5844999981927685e-05,42.127349853515625,291150.53125,0.0,0.0
426,2.5904999347403646e-05,42.22514724731445,219068.890625,0.0,0.0
427,2.596500053186901e-05,42.32295227050781,180839.578125,0.0,0.0
428,2.602499989734497e-05,42.42074966430664,141249.5625,0.0,0.0
429,2.608499926282093e-05,42.51854705810547,255369.953125,0.0,0.0
430,2.6145000447286293e-05,42.61635208129883,297194.125,0.0,0.0
431,2.6204999812762253e-05,42.714149475097656,183590.90625,0.0,0.0
432,2.6264999178238213e-05,42.811946868896484,157245.6875,0.0,0.0
433,2.6325000362703577e-05,42.909751892089844,189571.84375,0.0,0.0
434,2.6384999728179537e-05,43.00754928588867,301521.34375,0.0,0.0
435,2.6444999093655497e-05,43.1053466796875,345815.4375,0.0,0.0
436,2.650500027812086e-05,43.20315170288086,310570.84375,0.0,0.0
437,2.656499964359682e-05,43.30094909667969,266370.0,0.0,0.0
438,2.664500061655417e-05,43.43135070800781,200206.71875,0.0,0.0
439,2.670499998203013e-05,43.52914810180664,165567.015625,0.0,0.0
440,2.676499934750609e-05,43.626949310302734,146803.5,0.0,0.0
441,2.6825000531971455e-05,43.72475051879883,113824.375,0.0,0.0
442,2.6884999897447415e-05,43.82255172729492,99639.6953125,0.0,0.0
443,2.6944999262923375e-05,43.92034912109375,138110.1875,0.0,0.0
444,2.700500044738874e-05,44.018150329589844,180715.65625,0.0,0.0
445,2.70649998128647e-05,44.11595153808594,208850.59375,0.0,0.0
446,2.712499917834066e-05,44.213748931884766,202675.5625,0.0,0.0
447,2.7185000362806022e-05,44.31155014038086,171029.109375,0.0,0.0
448,2.7244999728281982e-05,44.40935134887695,147322.8125,0.0,0.0
449,2.7304999093757942e-05,44.50714874267578,185121.375,0.0,0.0
450,2.7365000278223306e-05,44.604949951171875,209519.484375,0.0,0.0
451,2.7424999643699266e-05,44.70275115966797,172369.609375,0.0,0.0
452,2.748500082816463e-05,44.80055236816406,130748.4609375,0.0,0.0
453,2.7564999982132576e-05,44.93095016479492,190711.015625,0.0,0.0
454,2.7624999347608536e-05,45.02874755859375,310170.875,0.0,0.0
455,2.76850005320739e-05,45.12655258178711,276436.65625,0.0,0.0
456,2.774499989754986e-05,45.22434997558594,250931.078125,0.0,0.0
457,2.780499926302582e-05,45.322147369384766,200309.328125,0.0,0.0
458,2.7865000447491184e-05,45.419952392578125,150750.046875,0.0,0.0
459,2.7924999812967144e-05,45.51774978637695,135990.140625,0.0,0.0
460,2.7984999178443104e-05,45.61554718017578,165730.125,0.0,0.0
461,2.8045000362908468e-05,45.71335220336914,147948.203125,0.0,0.0
462,2.8104999728384428e-05,45.81114959716797,111314.8359375,0.0,0.0
463,2.8164999093860388e-05,45.9089469909668,171621.296875,0.0,0.0
464,2.822500027832575e-05,46.006752014160156,257491.90625,0.0,0.0
465,2.828499964380171e-05,46.104549407958984,303529.625,0.0,0.0
466,2.8345000828267075e-05,46.20235061645508,271750.5625,0.0,0.0
467,2.8405000193743035e-05,46.30015182495117,220444.3125,0.0,0.0
468,2.8484999347710982e-05,46.43054962158203,153491.546875,0.0,0.0
469,2.8545000532176346e-05,46.528350830078125,192993.171875,0.0,0.0
470,2.8604999897652306e-05,46.62614822387695,208889.921875,0.0,0.0
471,2.8664999263128266e-05,46.72394943237305,164635.6875,0.0,0.0
472,2.872500044759363e-05,46.82175064086914,127381.5859375,0.0,0.0
473,2.878499981306959e-05,46.91954803466797,217361.4375,0.0,0.0
474,2.884499917854555e-05,47.01734924316406,324578.5625,0.0,0.0
475,2.8905000363010913e-05,47.115150451660156,341973.6875,0.0,0.0
476,2.8964999728486873e-05,47.212947845458984,288307.625,0.0,0.0
477,2.9024999093962833e-05,47.31074905395508,223678.90625,0.0,0.0
478,2.9085000278428197e-05,47.40855026245117,171496.21875,0.0,0.0
479,2.9144999643904157e-05,47.50634765625,134325.6875,0.0,0.0
480,2.920500082836952e-05,47.60415267944336,146540.203125,0.0,0.0
481,2.926500019384548e-05,47.70195007324219,119184.546875,0.0,0.0
482,2.932499955932144e-05,47.799747467041016,97524.2265625,0.0,0.0
483,2.9344999347813427e-05,47.83234786987305,123707.1015625,0.0,0.0
484,2.940500053227879e-05,47.93014907836914,282233.53125,0.0,0.0
485,2.946499989775475e-05,48.027950286865234,459846.53125,0.0,0.0
486,2.952499926323071e-05,48.12574768066406,443097.84375,0.0,0.0
487,2.9585000447696075e-05,48.223548889160156,359977.46875,0.0,0.0
488,2.9644999813172035e-05,48.32135009765625,296913.5,0.0,0.0
489,2.9704999178647995e-05,48.41914749145508,223556.71875,0.0,0.0
490,2.976500036311336e-05,48.51694869995117,292775.03125,0.0,0.0
491,2.982499972858932e-05,48.614749908447266,331908.78125,0.0,0.0
492,2.988499909406528e-05,48.712547302246094,279514.96875,0.0,0.0
493,2.9945000278530642e-05,48.81035232543945,166956.921875,0.0,0.0
494,3.0004999644006602e-05,48.90814971923828,254230.84375,0.0,0.0
495,3.0065000828471966e-05,49.005950927734375,397163.9375,0.0,0.0
496,3.0125000193947926e-05,49.10375213623047,436794.25,0.0,0.0
497,3.0184999559423886e-05,49.2015495300293,379964.75,0.0,0.0
498,3.0265000532381237e-05,49.33195114135742,297591.46875,0.0,0.0
499,3.0324999897857197e-05,49.42974853515625,234346.15625,0.0,0.0
500,3.0384999263333157e-05,49.527549743652344,185999.140625,0.0,0.0
501,3.044500044779852e-05,49.62535095214844,175103.09375,0.0,0.0
502,3.050499981327448e-05,49.723148345947266,132182.046875,0.0,0.0
503,3.056499917875044e-05,49.82094955444336,119642.4296875,0.0,0.0
504,3.0625000363215804e-05,49.91875076293945,254919.484375,0.0,0.0
505,3.068500154768117e-05,50.01655197143555,465437.28125,0.0,0.0
506,3.0744999094167724e-05,50.114349365234375,535264.6875,0.0,0.0
507,3.080500027863309e-05,50.21215057373047,438682.6875,0.0,0.0
508,3.086500146309845e-05,50.30995178222656,336553.3125,0.0,0.0
509,3.092499900958501e-05,50.40774917602539,242272.125,0.0,0.0
510,3.098500019405037e-05,50.505550384521484,347766.15625,0.0,0.0
511,3.1045001378515735e-05,50.60335159301758,415529.90625,0.0,0.0
512,3.110499892500229e-05,50.701148986816406,354939.0,0.0,0.0
513,3.1185001716949046e-05,50.8315544128418,215526.21875,0.0,0.0
514,3.12449992634356e-05,50.92934799194336,266367.125,0.0,0.0
515,3.1305000447900966e-05,51.02714920043945,382507.125,0.0,0.0
516,3.136500163236633e-05,51.12495422363281,387131.9375,0.0,0.0
517,3.1424999178852886e-05,51.222747802734375,322619.71875,0.0,0.0
518,3.148500036331825e-05,51.32054901123047,266689.375,0.0,0.0
519,3.154500154778361e-05,51.41835403442383,210315.546875,0.0,0.0
520,3.160499909427017e-05,51.51614761352539,172423.09375,0.0,0.0
521,3.166500027873553e-05,51.613948822021484,159723.453125,0.0,0.0
522,3.17250014632009e-05,51.711753845214844,158155.5625,0.0,0.0
523,3.1784999009687454e-05,51.809547424316406,147838.90625,0.0,0.0
524,3.184500019415282e-05,51.9073486328125,132268.0625,0.0,0.0
525,3.190500137861818e-05,52.00515365600586,223550.84375,0.0,0.0
526,3.196499892510474e-05,52.10294723510742,285839.375,0.0,0.0
527,3.20250001095701e-05,52.200748443603516,265501.40625,0.0,0.0
528,3.210499926353805e-05,52.33115005493164,215967.984375,0.0,0.0
529,3.216500044800341e-05,52.428951263427734,169276.953125,0.0,0.0
530,3.2225001632468775e-05,52.52675247192383,197755.0,0.0,0.0
531,3.228499917895533e-05,52.624549865722656,197192.21875,0.0,0.0
532,3.2345000363420695e-05,52.72235107421875,144788.28125,0.0,0.0
533,3.240500154788606e-05,52.820152282714844,133542.265625,0.0,0.0
534,3.2464999094372615e-05,52.91794967651367,181673.0625,0.0,0.0
535,3.252500027883798e-05,53.015750885009766,274266.8125,0.0,0.0
536,3.258500146330334e-05,53.11355209350586,284957.59375,0.0,0.0
537,3.26449990097899e-05,53.21134948730469,207333.625,0.0,0.0
538,3.270500019425526e-05,53.30915069580078,153192.78125,0.0,0.0
539,3.2765001378720626e-05,53.406951904296875,120454.3203125,0.0,0.0
540,3.282499892520718e-05,53.5047492980957,102986.3203125,0.0,0.0
541,3.2885000109672546e-05,53.6025505065918,122890.6015625,0.0,0.0
542,3.294500129413791e-05,53.70035171508789,131556.75,0.0,0.0
543,3.302500044810586e-05,53.83074951171875,115612.7890625,0.0,0.0
544,3.308500163257122e-05,53.92855453491211,224267.9375,0.0,0.0
545,3.314499917905778e-05,54.02634811401367,310558.75,0.0,0.0
546,3.320500036352314e-05,54.124149322509766,312071.0,0.0,0.0
547,3.3265001547988504e-05,54.221954345703125,225836.828125,0.0,0.0
548,3.332499909447506e-05,54.31974792480469,165066.90625,0.0,0.0
549,3.3385000278940424e-05,54.41754913330078,130898.109375,0.0,0.0
550,3.344500146340579e-05,54.51535415649414,194569.40625,0.0,0.0
551,3.3504999009892344e-05,54.6131477355957,216677.796875,0.0,0.0
552,3.356500019435771e-05,54.7109489440918,160976.671875,0.0,0.0
553,3.362500137882307e-05,54.808753967285156,126650.5234375,0.0,0.0
554,3.368499892530963e-05,54.90654754638672,178193.234375,0.0,0.0
555,3.374500010977499e-05,55.00434875488281,252946.4375,0.0,0.0
556,3.3805001294240355e-05,55.10215377807617,265980.28125,0.0,0.0
557,3.386499884072691e-05,55.199947357177734,223438.609375,0.0,0.0
558,3.38850004482083e-05,55.23255157470703,209746.828125,0.0,0.0
559,3.3945001632673666e-05,55.330352783203125,168592.8125,0.0,0.0
560,3.400499917916022e-05,55.42815017700195,135716.203125,0.0,0.0
561,3.4065000363625586e-05,55.52595138549805,161515.125,0.0,0.0
562,3.412500154809095e-05,55.62375259399414,174939.515625,0.0,0.0
563,3.4184999094577506e-05,55.72154998779297,142174.96875,0.0,0.0
564,3.424500027904287e-05,55.81935119628906,113017.03125,0.0,0.0
565,3.4305001463508233e-05,55.917152404785156,175776.78125,0.0,0.0
566,3.436499900999479e-05,56.014949798583984,227194.5,0.0,0.0
567,3.4425000194460154e-05,56.11275100708008,281036.03125,0.0,0.0
568,3.448500137892552e-05,56.21055221557617,257506.5,0.0,0.0
569,3.4544998925412074e-05,56.308349609375,215846.234375,0.0,0.0
570,3.460500010987744e-05,56.406150817871094,163094.359375,0.0,0.0
571,3.46650012943428e-05,56.50395202636719,165515.890625,0.0,0.0
572,3.472499884082936e-05,56.601749420166016,191145.90625,0.0,0.0
573,3.480500163277611e-05,56.73215103149414,142054.203125,0.0,0.0
574,3.486499917926267e-05,56.82994842529297,129259.03125,0.0,0.0
575,3.492500036372803e-05,56.92774963378906,243369.65625,0.0,0.0
576,3.4985001548193395e-05,57.025550842285156,343317.9375,0.0,0.0
577,3.504499909467995e-05,57.123348236083984,387028.125,0.0,0.0
578,3.5105000279145315e-05,57.22114944458008,351655.09375,0.0,0.0
579,3.516500146361068e-05,57.31895065307617,290409.03125,0.0,0.0
580,3.5224999010097235e-05,57.416748046875,222929.46875,0.0,0.0
581,3.52850001945626e-05,57.514549255371094,180956.75,0.0,0.0
582,3.534500137902796e-05,57.61235046386719,181113.078125,0.0,0.0
583,3.540499892551452e-05,57.710147857666016,161779.5625,0.0,0.0
584,3.546500010997988e-05,57.80794906616211,138417.1875,0.0,0.0
585,3.5525001294445246e-05,57.9057502746582,145616.140625,0.0,0.0
586,3.55849988409318e-05,58.00354766845703,258255.484375,0.0,0.0
587,3.5645000025397167e-05,58.101348876953125,339287.0,0.0,0.0
588,3.572499917936511e-05,58.23175048828125,313540.4375,0.0,0.0
589,3.578500036383048e-05,58.329551696777344,264876.34375,0.0,0.0
590,3.584500154829584e-05,58.42735290527344,209857.875,0.0,0.0
591,3.59049990947824e-05,58.525150299072266,173643.953125,0.0,0.0
592,3.596500027924776e-05,58.62295150756836,169667.96875,0.0,0.0
593,3.6025001463713124e-05,58.72075271606445,138899.359375,0.0,0.0
594,3.608499901019968e-05,58.81855010986328,121628.765625,0.0,0.0
595,3.6145000194665045e-05,58.916351318359375,206703.90625,0.0,0.0
596,3.620500137913041e-05,59.01415252685547,337318.375,0.0,0.0
597,3.6264998925616965e-05,59.1119499206543,335879.25,0.0,0.0
598,3.632500011008233e-05,59.20975112915039,249976.90625,0.0,0.0
599,3.638500129454769e-05,59.307552337646484,217345.890625,0.0,0.0
600,3.644499884103425e-05,59.40534973144531,182297.53125,0.0,0.0
601,3.650500002549961e-05,59.503150939941406,229055.1875,0.0,0.0
602,3.6565001209964976e-05,59.6009521484375,277380.71875,0.0,0.0
603,3.664500036393292e-05,59.73134994506836,206451.953125,0.0,0.0
604,3.6705001548398286e-05,59.82915115356445,155841.234375,0.0,0.0
605,3.676499909488484e-05,59.92694854736328,253918.125,0.0,0.0
606,3.6809815355809405e-05,60.0,427230.25,0.0,0.0
