timestep_number,analysis_time,cycle_time,total_volume_delivered,volumetric_flowrate
0,6.500000182541044e-08,0.1059500053524971,0.0,0.0
1,1.2499999968440534e-07,0.20374999940395355,0.0,0.0
2,1.850000046488276e-07,0.3015500009059906,0.0,0.0
3,2.650000112680573e-07,0.43195003271102905,0.0,0.0
4,3.250000020216248e-07,0.5297499895095825,0.0,0.0
5,3.8499999277519237e-07,0.6275500059127808,0.0,0.0
6,4.4500001195046934e-07,0.725350022315979,0.0,0.0
7,5.050000027040369e-07,0.8231499791145325,0.0,0.0
8,5.649999934576044e-07,0.9209499955177307,0.0,0.0
9,6.24999984211172e-07,1.0187499523162842,0.0,0.0
10,6.849999749647395e-07,1.1165499687194824,0.0,0.0
11,7.450000225617259e-07,1.2143499851226807,0.0,0.0
12,8.050000133152935e-07,1.312150001525879,0.0,0.0
13,8.65000004068861e-07,1.4099500179290771,0.0,0.0
14,9.249999948224286e-07,1.5077500343322754,0.0,0.0
15,9.85000042419415e-07,1.6055500507354736,0.0,0.0
16,1.0449999763295637e-06,1.7033499479293823,0.0,0.0
17,1.10500002392655e-06,1.8011500835418701,0.0,0.0
18,1.1849999737023609e-06,1.9315499067306519,0.0,0.0
19,1.2450000212993473e-06,2.0293500423431396,0.0,0.0
20,1.304999955209496e-06,2.127149820327759,0.0,0.0
21,1.3650000028064824e-06,2.224950075149536,0.0,0.0
22,1.4250000504034688e-06,2.3227500915527344,0.0,0.0
23,1.4849999843136175e-06,2.4205498695373535,0.0,0.0
24,1.5450000319106039e-06,2.518350124359131,0.0,0.0
25,1.6049999658207525e-06,2.61614990234375,0.0,0.0
26,1.665000013417739e-06,2.7139499187469482,0.0,0.0
27,1.7249999473278876e-06,2.8117499351501465,0.0,0.0
28,1.784999994924874e-06,2.9095499515533447,0.0,0.0
29,1.8450000425218605e-06,3.007349967956543,0.0,0.0
30,1.9049999764320091e-06,3.105149984359741,0.0,0.0
31,1.9640824575617444e-06,3.2014544010162354,0.0,0.0
32,2.044082521024393e-06,3.3318545818328857,0.0,0.0
33,2.1040825686213793e-06,3.429654598236084,0.0,0.0
34,2.1640826162183657e-06,3.5274546146392822,0.0,0.0
35,2.224082663815352e-06,3.6252546310424805,0.0,0.0
36,2.284082484038663e-06,3.7230544090270996,0.0,0.0
37,2.3440825316356495e-06,3.820854425430298,0.0,0.0
38,2.404082579232636e-06,3.918654680252075,0.0,0.0
39,2.4640826268296223e-06,4.016454696655273,0.0,0.0
40,2.5212098080373835e-06,4.109571933746338,0.0,0.0
41,2.5941455987776862e-06,4.228457450866699,0.0,0.0
42,2.6541456463746727e-06,4.326257228851318,0.0,0.0
43,2.714145693971659e-06,4.424057483673096,0.0,0.0
44,2.7741457415686455e-06,4.521857738494873,0.0,0.0
45,2.8341455617919564e-06,4.619657039642334,0.0,0.0
46,2.894145609388943e-06,4.717457294464111,0.0,0.0
47,2.9531177005992504e-06,4.813581943511963,0.0,0.0
48,3.013117748196237e-06,4.911381721496582,0.0,0.0
49,3.073117795793223e-06,5.009181976318359,0.0,0.0
50,3.131235416731215e-06,5.1039137840271,0.0,0.0
51,3.203603000656585e-06,5.221872806549072,0.0,0.0
52,3.2550190098845633e-06,5.305680751800537,0.0,0.0
53,3.331737161715864e-06,5.430731773376465,0.0,0.0
54,3.3917372093128506e-06,5.528531551361084,0.0,0.0
55,3.4374722872598795e-06,5.603079795837402,0.0,0.0
56,3.504314690871979e-06,5.712032794952393,0.0,0.0
57,3.566670102372882e-06,5.813672065734863,0.0,0.0
58,3.6343446936371038e-06,5.923981666564941,0.0,0.0
59,3.6858123166894075e-06,6.007874011993408,0.0,0.0
60,3.7429301755764754e-06,6.10097599029541,0.0,0.0
61,3.8103000861156033e-06,6.210789203643799,0.0,0.0
62,3.878837105730781e-06,6.32250452041626,0.0,0.0
63,3.942394414480077e-06,6.426103115081787,0.0,0.0
64,3.991468929598341e-06,6.506094455718994,0.0,0.0
65,4.05242735723732e-06,6.605456829071045,0.0,0.0
66,4.112094757147133e-06,6.702714443206787,0.0,0.0
67,4.176128186372807e-06,6.807088851928711,0.0,0.0
68,4.23779101765831e-06,6.907599449157715,0.0,0.0
69,4.2967540139216e-06,7.003708839416504,0.0,0.0
70,4.359417289379053e-06,7.1058502197265625,0.0,0.0
71,4.422033271112014e-06,7.207914352416992,0.0,0.0
72,4.487615115067456e-06,7.314812660217285,0.0,0.0
73,4.554458428174257e-06,7.42376708984375,0.0,0.0
74,4.610019004758215e-06,7.514330863952637,0.0,0.0
75,4.671856913773809e-06,7.615126609802246,0.0,0.0
76,4.7336034185718745e-06,7.715773582458496,0.0,0.0
77,4.7916287257976364e-06,7.810354709625244,0.0,0.0
78,4.854011876886943e-06,7.912039279937744,0.0,0.0
79,4.914189503324451e-06,8.01012897491455,0.0,0.0
80,4.969762358086882e-06,8.100712776184082,0.0,0.0
81,5.035389676777413e-06,8.207685470581055,0.0,0.0
82,5.102154318592511e-06,8.316511154174805,0.0,0.0
83,5.169135874893982e-06,8.425691604614258,0.0,0.0
84,5.222444087848999e-06,8.51258373260498,0.0,0.0
85,5.276789124764036e-06,8.601166725158691,0.0,0.0
86,5.341877113096416e-06,8.707260131835938,0.0,0.0
87,5.402624083217233e-06,8.80627727508545,0.0,0.0
88,5.46120054423227e-06,8.90175724029541,0.0,0.0
89,5.525042979570571e-06,9.005820274353027,0.0,0.0
90,5.589665306615643e-06,9.111154556274414,0.0,0.0
91,5.650631919706939e-06,9.210530281066895,0.0,0.0
92,5.705956937163137e-06,9.30070972442627,4.911999947071001e-14,8.60854717475861e-09
93,5.766705726273358e-06,9.399730682373047,8.004989403544784e-09,0.0013881390491409524
94,5.784064342151396e-06,9.428025245666504,1.1565454827404795e-08,0.0019995377200632933
95,5.8321784308645874e-06,9.506450653076172,1.509423761273904e-08,0.0025880959904893384
96,5.893303750781342e-06,9.606084823608398,1.509423761273904e-08,0.0025612522705516115
97,5.951907496637432e-06,9.70160961151123,1.6079040426118563e-08,0.002701493669920529
98,6.0176726037752815e-06,9.808806419372559,1.718418586666091e-08,0.0028556199378278143
99,6.086298526497558e-06,9.920666694641113,2.2502901030907363e-08,0.0036973048451267735
100,6.13728570897365e-06,10.003775596618652,2.9416434829036068e-08,0.004793069155314823
101,6.197686161613092e-06,10.102228164672852,3.3500294002434436e-08,0.005405290479199612
102,6.260882400965784e-06,10.205238342285156,4.349450179013953e-08,0.006947024237898192
103,6.319455224002013e-06,10.300711631774902,5.7411911083365624e-08,0.00908494625696668
104,6.386975201166933e-06,10.41076946258545,6.41917312400134e-08,0.010050411848833426
105,6.450924047385342e-06,10.515006065368652,8.161573446033952e-08,0.012651789706533535
106,6.508309525088407e-06,10.60854434967041,1.0871611089395213e-07,0.016704201064019826
107,6.564732757396996e-06,10.700514793395996,1.3212010197528206e-07,0.020125739593346285
108,6.626798494835384e-06,10.801681518554688,1.5931330144174838e-07,0.024040764415261713
109,6.696564469166333e-06,10.915400505065918,1.9503544172437134e-07,0.02912470157233499
110,6.754132755304454e-06,11.009236335754395,2.1504145861296354e-07,0.03183850042687978
111,6.816641871409956e-06,11.111125946044922,2.2129944207118125e-07,0.03246458391768315
112,6.881850822537672e-06,11.217416763305664,2.2332626611994332e-07,0.03245148316620907
113,6.938865226402413e-06,11.31035041809082,2.3369074249539766e-07,0.033678524495072096
114,7.003753125900403e-06,11.416117668151855,2.6153360743238067e-07,0.03734192264219163
115,7.068441391311353e-06,11.521559715270996,2.847048730163828e-07,0.040278309920818864
116,7.1166955422086176e-06,11.600214004516602,2.97890989697303e-07,0.04185804885575512
117,7.181647106335731e-06,11.706085205078125,3.2782844909134057e-07,0.04564808660705795
118,7.241751973197097e-06,11.804056167602539,3.61437396882558e-07,0.04991021485136424
119,7.304816335818032e-06,11.906850814819336,4.189299131374933e-07,0.057349821525742625
120,7.363097211054992e-06,12.001848220825195,4.846798815106222e-07,0.06582554428086612
121,7.425648618664127e-06,12.10380744934082,5.324805618300497e-07,0.07170828962895943
122,7.48544425732689e-06,12.201273918151855,5.669217658026487e-07,0.07573655568241462
123,7.547238055849448e-06,12.301998138427734,6.15763739950103e-07,0.08158795779243487
124,7.621111763000954e-06,12.422411918640137,6.893664631881953e-07,0.09045484236761074
125,7.66863286116859e-06,12.499871253967285,7.28858472483964e-07,0.09504412138109536
126,7.684114279982168e-06,12.525106430053711,7.392373305909402e-07,0.0962033233311902
127,7.742341040284373e-06,12.620016098022461,7.864436435110794e-07,0.10157698290725174
128,7.802323125361e-06,12.71778678894043,8.583304889466097e-07,0.11000960549258158
129,7.855962394387461e-06,12.805218696594238,9.41852221786755e-07,0.11989011333094503
130,7.927984370326158e-06,12.922614097595215,1.052327422842038e-06,0.13273580946763966
131,7.982917850313243e-06,13.01215648651123,1.1275843846645025e-06,0.14124965404977294
132,8.047205483308062e-06,13.116945266723633,1.2091148987144406e-06,0.15025276802269438
133,8.104190783342347e-06,13.209831237792969,1.2819947899861384e-06,0.15818911773661573
134,8.159397111739963e-06,13.299817085266113,1.3554900594864458e-06,0.16612625184477536
135,8.175012226274703e-06,13.32526969909668,1.3749995086087792e-06,0.16819540699761829
136,8.224965313274879e-06,13.406693458557129,1.4335349236881966e-06,0.17429069535095895
137,8.295936822833028e-06,13.522377014160156,1.5190121999342122e-06,0.18310315427588755
138,8.348018127435353e-06,13.607269287109375,1.5836760031408765e-06,0.1897068236994123
139,8.405304470215924e-06,13.70064640045166,1.6426583294776845e-06,0.19543115128053015
140,8.467059160466306e-06,13.80130672454834,1.6974475402336258e-06,0.20047663634608906
141,8.542108844267204e-06,13.923637390136719,1.7787404934060335e-06,0.20823200989762441
142,8.593573511461727e-06,14.007524490356445,1.856048866815618e-06,0.2159810309808955
143,8.651966709294356e-06,14.102705955505371,1.961817866300912e-06,0.22674819867180412
144,8.71350675879512e-06,14.20301628112793,2.066622621451974e-06,0.23717461622050098
145,8.776990398473572e-06,14.30649471282959,2.1720418754733234e-06,0.24747000701414332
146,8.838903340802062e-06,14.4074125289917,2.2668497536967723e-06,0.25646278348045304
147,8.904961759981234e-06,14.515088081359863,2.355945800914996e-06,0.26456551576701676
148,8.958000762504525e-06,14.601541519165039,2.4380133945457e-06,0.2721604361489323
149,9.021294317790307e-06,14.704710006713867,2.544062084767631e-06,0.28200632804437514
150,9.08444508240791e-06,14.807645797729492,2.6689886270755885e-06,0.2937976511349167
151,9.147504897555336e-06,14.910432815551758,2.811442344916741e-06,0.3073452680706513
152,9.20516140467953e-06,15.004412651062012,2.93125629186616e-06,0.3184361645604637
153,9.270180271414574e-06,15.110393524169922,3.0653010861228478e-06,0.3306625110166386
154,9.332450645160861e-06,15.211894989013672,3.216863836745495e-06,0.3446965817508534
155,9.397879694006406e-06,15.318543434143066,3.393434910847098e-06,0.36108516190213585
156,9.460764886171091e-06,15.42104721069336,3.555754547852596e-06,0.3758421851334751
157,9.510884410701692e-06,15.502741813659668,3.6774107172354548e-06,0.3866528661727415
158,9.57451447902713e-06,15.60645866394043,3.844088752619835e-06,0.40149176869910946
159,9.63506772677647e-06,15.705160140991211,3.997613157843319e-06,0.41490244502731377
160,9.699083420855459e-06,15.8095064163208,4.140305908644054e-06,0.4268759973485081
161,9.758573469298426e-06,15.906475067138672,4.294549888444542e-06,0.4400796798789988
162,9.823009349929634e-06,16.011505126953125,4.483417406440784e-06,0.4564199469557565
163,9.886621228361037e-06,16.115192413330078,4.655008146260559e-06,0.47083913085565304
164,9.94797665043734e-06,16.21520233154297,4.807233336989734e-06,0.48323729597600085
165,9.999915164371487e-06,16.299861907958984,4.935027936545683e-06,0.4935069803520537
166,1.001103828457417e-05,16.3179931640625,4.962378314704584e-06,0.49569067399842276
167,1.0062220098916441e-05,16.401418685913086,5.084243479393487e-06,0.505280487746535
168,1.0129806469194591e-05,16.511585235595703,5.222693133366985e-06,0.5155767930265538
169,1.0186442523263395e-05,16.603900909423828,5.337133008036344e-06,0.5239447428135594
170,1.024798348225886e-05,16.704212188720703,5.515187076058686e-06,0.538172908417201
171,1.0310382094758097e-05,16.805923461914062,5.759568658726163e-06,0.5586183524327761
172,1.0369552910560742e-05,16.90237045288086,6.011561084088969e-06,0.5797319456238629
173,1.0430403563077562e-05,17.001558303833008,6.245212314002311e-06,0.5987507843042287
174,1.0499698873900343e-05,17.11450958251953,6.482022742113679e-06,0.6173532041215378
175,1.055421307682991e-05,17.203367233276367,6.6644398375043485e-06,0.631448293585721
176,1.0617166481097229e-05,17.305980682373047,6.885043395888846e-06,0.6484821923200467
177,1.0677760656108148e-05,17.404748916625977,7.134291418772182e-06,0.6681449087071505
178,1.07510422822088e-05,17.524198532104492,7.470762334078345e-06,0.6948872619021528
179,1.0803773875522893e-05,17.610151290893555,7.69015917966964e-06,0.7118030484785061
180,1.0862814633583184e-05,17.706388473510742,7.889662756445514e-06,0.7263000449307168
181,1.0927697076112963e-05,17.81214714050293,8.097194933681502e-06,0.740979080705055
182,1.0986205779772718e-05,17.907514572143555,8.303450057382319e-06,0.7558068931013688
183,1.1044518032576889e-05,18.0025634765625,8.521244902407197e-06,0.7715361482749133
184,1.1106428246421274e-05,18.103477478027344,8.745529792126515e-06,0.7874295496344209
185,1.1170164725626819e-05,18.207368850708008,8.988353527912036e-06,0.80467510987468
186,1.1237789294682443e-05,18.317596435546875,9.25941805244281e-06,0.8239536985111682
187,1.1296054253762122e-05,18.412569046020508,9.502834066799774e-06,0.841252516438196
188,1.135849925049115e-05,18.514354705810547,9.795442657514195e-06,0.862388810483976
189,1.1417525456636213e-05,18.610567092895508,1.0087036989383758e-05,0.8834696298855954
190,1.147483544627903e-05,18.703981399536133,1.0372096667306211e-05,0.903899381900905
191,1.1535386875038967e-05,18.80268096923828,1.068261680532146e-05,0.9260735613850294
192,1.1600674042711034e-05,18.909099578857422,1.1017364202154361e-05,0.9497175906840362
193,1.166364108939888e-05,19.011735916137695,1.1328306972046072e-05,0.9712496196700022
194,1.1723575880751014e-05,19.10942840576172,1.1602480771188582e-05,0.9896708043011639
195,1.178833917947486e-05,19.21499252319336,1.1886534224863924e-05,1.008329845612182
196,1.1846724191855174e-05,19.31015968322754,1.218280586776633e-05,1.0283691652197169
197,1.19023461593315e-05,19.40082359313965,1.250643577144973e-05,1.0507538265171878
198,1.1976689165749121e-05,19.522003173828125,1.2946878106828306e-05,1.081006439062786
199,1.2028720448142849e-05,19.606813430786133,1.3242291559906663e-05,1.1008894601047263
200,1.2090690688637551e-05,19.707826614379883,1.3577795216803694e-05,1.122995829308881
201,1.2154597243352327e-05,19.811992645263672,1.3915822236988421e-05,1.1449019624734464
202,1.2212459296279121e-05,19.906309127807617,1.4214345281378624e-05,1.1639216096064644
203,1.2279147995286621e-05,20.015010833740234,1.4548338679294874e-05,1.184800336707342
204,1.2336992767814081e-05,20.109298706054688,1.4849400091867525e-05,1.2036482772858594
205,1.239732500835089e-05,20.207639694213867,1.5184714444048607e-05,1.2248379738225883
206,1.245764724444598e-05,20.305965423583984,1.5510657937252184e-05,1.2450712107109418
207,1.2526056707429234e-05,20.41747283935547,1.583992608002916e-05,1.2645580688321858
208,1.2585357580974232e-05,20.51413345336914,1.6096236403763146e-05,1.278965361150838
209,1.2643165973713621e-05,20.608360290527344,1.6333230411462914e-05,1.2918623741411999
210,1.2699784747383092e-05,20.70064926147461,1.6565431079354055e-05,1.3043867600013863
211,1.2762736332661007e-05,20.803260803222656,1.682833392413794e-05,1.318552188614341
212,1.2830635569116566e-05,20.913936614990234,1.7129045127351703e-05,1.3350114290972024
213,1.2883422641607467e-05,20.99997901916504,1.737942595632055e-05,1.3489758459210275
214,1.2886544027423952e-05,21.00506591796875,1.7394437516746956e-05,1.3498139982084973
215,1.2946230526722502e-05,21.10235595703125,1.7690001438485214e-05,1.3664210135893244
216,1.3011654118599836e-05,21.208995819091797,1.8046392504339407e-05,1.3869406871600236
217,1.3073808986518998e-05,21.3103084564209,1.8403863995810395e-05,1.4076895275728336
218,1.314168366661761e-05,21.420944213867188,1.88076608942305e-05,1.4311454583255232
219,1.3195949577493593e-05,21.509397506713867,1.9141279249446163e-05,1.4505420119286188
220,1.3258811122796033e-05,21.611862182617188,1.9525170729614972e-05,1.472618513740279
221,1.3319026948011015e-05,21.71001434326172,1.9895511763451032e-05,1.4937661618307718
222,1.3379876691033132e-05,21.8091983795166,2.026252794573501e-05,1.5144031902262944
223,1.344581505691167e-05,21.91667938232422,2.064456455594354e-05,1.535389596581684
224,1.3505354218068533e-05,22.01372718811035,2.0987898024416982e-05,1.5540427659674199
225,1.356089978798991e-05,22.104267120361328,2.13284717135515e-05,1.572791779822816
226,1.3619707715406548e-05,22.200122833251953,2.172035925525348e-05,1.5947742572099044
227,1.3687646060134284e-05,22.310863494873047,2.216789399645958e-05,1.6195548817575212
228,1.3747364391747396e-05,22.408203125,2.2544786395377653e-05,1.6399351725128772
229,1.3810008567816112e-05,22.510313034057617,2.2947974505633885e-05,1.6616915473255809
230,1.386931398883462e-05,22.60698127746582,2.3350435919399415e-05,1.6836042459055651
231,1.3930348359281197e-05,22.70646858215332,2.3784389204334856e-05,1.7073793555556227
232,1.3994486835144926e-05,22.81101417541504,2.42371372826875e-05,1.7319061118997081
233,1.4056075087864883e-05,22.911401748657227,2.4655524399563724e-05,1.7540831452195162
234,1.4112347344052978e-05,23.00312614440918,2.5022051301569355e-05,1.7730609013187155
235,1.4174387615639716e-05,23.104251861572266,2.5410741335840536e-05,1.7927223401032766
236,1.4240558812161908e-05,23.21211051940918,2.581892928871885e-05,1.8130559080777526
237,1.4309327525552362e-05,23.324203491210938,2.6272565298857257e-05,1.8360447234114934
238,1.4358261068991851e-05,23.40396499633789,2.6622102715759967e-05,1.8541314012776344
239,1.4425725566979963e-05,23.513933181762695,2.7114094753566245e-05,1.8795654074849146
240,1.4484669918601867e-05,23.61001205444336,2.753694254459066e-05,1.901109428059971
241,1.4539960830006748e-05,23.700136184692383,2.7917124115482564e-05,1.9200274637514003
242,1.460771727579413e-05,23.810579299926758,2.8377500617290758e-05,1.9426375854298599
243,1.4665540220448747e-05,23.904830932617188,2.8805991462342475e-05,1.964195728854034
244,1.472665371693438e-05,24.004446029663086,2.9314477289930195e-05,1.9905728655941084
245,1.4785394341743086e-05,24.10019302368164,2.98367042086606e-05,2.017985014063756
246,1.4853042557660956e-05,24.210458755493164,3.0414718035479755e-05,2.047709613529138
247,1.4911153812136035e-05,24.3051815032959,3.085666159462404e-05,2.0693678023433786
248,1.4978319086367264e-05,24.41465950012207,3.13396316471418e-05,2.092333022579685
249,1.5038845958770253e-05,24.51331901550293,3.1785225610475785e-05,2.113541537536628
250,1.5096685274329502e-05,24.60759735107422,3.220395878725124e-05,2.1331807745910325
251,1.5166966477409005e-05,24.72215461730957,3.270133267285796e-05,2.156089203570547
252,1.5225477000058163e-05,24.817527770996094,3.314313772006342e-05,2.176820977098899
253,1.5287241694750264e-05,24.918203353881836,3.3652648245762715e-05,2.2013551507672733
254,1.5348570741480216e-05,25.018169403076172,3.416980943787794e-05,2.226253506818877
255,1.5401927157654427e-05,25.105140686035156,3.4603717721165297e-05,2.246713503249364
256,1.5464978787349537e-05,25.207916259765625,3.513605941546369e-05,2.2719759204716943
257,1.5528887161053717e-05,25.31208610534668,3.570107867867758e-05,2.2990107602955288
258,1.5583267668262124e-05,25.400726318359375,3.617151188409857e-05,2.3211763189929524
259,1.5645488019799814e-05,25.502145767211914,3.669198176911492e-05,2.3452117136058757
260,1.570700442243833e-05,25.6024169921875,3.718816041608766e-05,2.3676163459254074
261,1.5770872778375633e-05,25.70652198791504,3.766954040699578e-05,2.388551409700463
262,1.583070115884766e-05,25.80404281616211,3.8103434586663454e-05,2.406932845508724
263,1.5892119336058386e-05,25.90415382385254,3.8549776006940536e-05,2.425716494556715
264,1.595812318555545e-05,26.011741638183594,3.901502956831939e-05,2.4448382253142387
265,1.601971780473832e-05,26.112140655517578,3.94489571588787e-05,2.462525098114429
266,1.6074060113169253e-05,26.20071792602539,3.984116119453844e-05,2.478599738587336
267,1.6144329492817633e-05,26.315258026123047,4.0331291890065304e-05,2.498170760700101
268,1.6197291188291274e-05,26.40158462524414,4.069310213693684e-05,2.5123399748689548
269,1.626602897886187e-05,26.513628005981445,4.119158474031901e-05,2.532368827932654
270,1.632913335924968e-05,26.616487503051758,4.1679492924279734e-05,2.5524620325713903
271,1.6387604773626663e-05,26.711795806884766,4.2150428610572376e-05,2.5720920898951034
272,1.6443533240817487e-05,26.802959442138672,4.261310882797825e-05,2.591481295650043
273,1.6509738998138346e-05,26.91087532043457,4.314343451114864e-05,2.6132111789298147
274,1.656909989833366e-05,27.007633209228516,4.359561943508821e-05,2.6311398749833463
275,1.663066905166488e-05,27.107990264892578,4.406598945884488e-05,2.6496823021340488
276,1.6695252270437777e-05,27.213260650634766,4.456455542893523e-05,2.669295120975532
277,1.676004467299208e-05,27.318872451782227,4.506299866387268e-05,2.6887159039909543
278,1.6812284229672514e-05,27.404024124145508,4.545268655696278e-05,2.703540217143245
279,1.688273550826125e-05,27.518857955932617,4.595950658318407e-05,2.7222784222790586
280,1.6935924577410333e-05,27.60555648803711,4.6339906980971384e-05,2.7361899711564024
281,1.7002450476866215e-05,27.7139949798584,4.6832458778071334e-05,2.754453473738522
282,1.7055992429959588e-05,27.801267623901367,4.725037915080898e-05,2.770309575642848
283,1.7129446860053577e-05,27.920997619628906,4.785754295774416e-05,2.7938755611163075
284,1.7181926523335278e-05,28.006540298461914,4.831433469639528e-05,2.8119276747446316
285,1.7242226022062823e-05,28.104827880859375,4.885340023614083e-05,2.8333580695224008
286,1.7300553736276925e-05,28.19990348815918,4.9381086354559856e-05,2.8543066948784643
287,1.7311291230726056e-05,28.217405319213867,4.9478488173682376e-05,2.8581627744707054
288,1.7367898180964403e-05,28.309673309326172,4.9984149972198364e-05,2.8779619417035787
289,1.743400025588926e-05,28.417421340942383,5.05440970023309e-05,2.8991680773468467
290,1.7491587641416118e-05,28.511287689208984,5.099223264702759e-05,2.915243241058892
291,1.7546821254654787e-05,28.601318359375,5.1383552061124285e-05,2.928368125223442
292,1.761076237016823e-05,28.705543518066406,5.180915688808516e-05,2.941903127138172
293,1.767278808983974e-05,28.806644439697266,5.2225418308809116e-05,2.9551318130065747
294,1.774098382156808e-05,28.917802810668945,5.269922618347653e-05,2.970479355232205
295,1.7803231457946822e-05,29.019268035888672,5.311846981284577e-05,2.9836420392734544
296,1.7862303138826974e-05,29.115554809570312,5.349687062886624e-05,2.9949592845382313
297,1.7918015146278776e-05,29.20636558532715,5.3878849037197686e-05,3.006965258001095
298,1.7981103155761957e-05,29.3091983795166,5.435216912285244e-05,3.022738296534134
299,1.8042019291897304e-05,29.408491134643555,5.483528433125562e-05,3.0393097049775477
300,1.8102362446370535e-05,29.506851196289062,5.5356028137734435e-05,3.0579449672234986
301,1.816573058022186e-05,29.61014175415039,5.593814593567317e-05,3.079322666855824
302,1.8222259313915856e-05,29.702281951904297,5.641185658749725e-05,3.0957663161130085
303,1.828775930334814e-05,29.80904769897461,5.685833704934018e-05,3.109092596102274
304,1.8355840438744053e-05,29.920019149780273,5.7289756896955986e-05,3.1210642241165547
305,1.841309858718887e-05,30.013351440429688,5.7671815801793595e-05,3.132108130997541
306,1.8466826077201404e-05,30.100927352905273,5.8038035603259675e-05,3.1428267835863637
307,1.853144021879416e-05,30.206247329711914,5.846854092971204e-05,3.155099670581167
308,1.8591410480439663e-05,30.303998947143555,5.884927334478125e-05,3.1654012161528877
309,1.865669219114352e-05,30.41040802001953,5.9243770337736513e-05,3.175470213624471
310,1.8722106688073836e-05,30.51703453063965,5.962393439598256e-05,3.1846808369040853
311,1.877571048680693e-05,30.604408264160156,5.993209810890619e-05,3.1920016103261974
312,1.8835098671843298e-05,30.701210021972656,6.030820125036389e-05,3.2019052462156186
313,1.889991654024925e-05,30.80686378479004,6.0772107260497075e-05,3.215469609671388
314,1.8961489331559278e-05,30.907228469848633,6.124578696370668e-05,3.2300093042675675
315,1.9023862478206865e-05,31.008895874023438,6.172867088613404e-05,3.244802203382644
316,1.9080174752161838e-05,31.100685119628906,6.215799041666866e-05,3.2577264738954232
317,1.9148104911437258e-05,31.211410522460938,6.268523549879055e-05,3.273704410369527
318,1.920379691000562e-05,31.302188873291016,6.311920087863328e-05,3.2868083939039536
319,1.9271021301392466e-05,31.41176414489746,6.364151193329248e-05,3.3024462449581713
320,1.9327222616993822e-05,31.503372192382812,6.409183535706331e-05,3.316143070691873
321,1.9387740394449793e-05,31.60201644897461,6.461526553109181e-05,3.3327899082860366
322,1.9452079868642613e-05,31.706890106201172,6.521879696422512e-05,3.352792986901105
323,1.9518147382768802e-05,31.8145809173584,6.587359781937069e-05,3.374992335467548
324,1.957347740244586e-05,31.904767990112305,6.642606282869279e-05,3.393677140904576
325,1.9642347979242913e-05,32.01702880859375,6.709225897142203e-05,3.4156944496819777
326,1.9698787582456134e-05,32.10902404785156,6.764250218821079e-05,3.433840885134151
327,1.976152998395264e-05,32.2112922668457,6.826876349490908e-05,3.4546294517857046
328,1.981908644665964e-05,32.305110931396484,6.883044555373754e-05,3.472937349508277
329,1.9892087948392145e-05,32.424102783203125,6.951191154897346e-05,3.4944502421925008
330,1.993953628698364e-05,32.50144577026367,6.994605568627372e-05,3.507907840962877
331,2.001284337893594e-05,32.620933532714844,7.06592198078766e-05,3.530693688546393
332,2.006360409723129e-05,32.70367431640625,7.121721468047055e-05,3.549572366726389
333,2.012926597672049e-05,32.81070327758789,7.199123874701187e-05,3.5764462961674703
334,2.0190114810247906e-05,32.90988540649414,7.270532391739404e-05,3.6010356850715364
335,2.024749483098276e-05,33.00341796875,7.337431615145093e-05,3.623871336377545
336,2.0308070816099644e-05,33.10215377807617,7.407945467959475e-05,3.6477839451331207
337,2.0373410734464414e-05,33.20866012573242,7.482219237854564e-05,3.6725413016865973
338,2.043959466391243e-05,33.3165397644043,7.55398941372737e-05,3.6957628259940396
339,2.050009607046377e-05,33.415157318115234,7.616566027999915e-05,3.7153806508125338
340,2.056296398222912e-05,33.51763153076172,7.679574399677292e-05,3.7346631576625415
341,2.0620733266696334e-05,33.611793518066406,7.73486675432511e-05,3.751014405883113
342,2.0679754015873186e-05,33.70800018310547,7.790182877506916e-05,3.7670578051979704
343,2.0744280845974572e-05,33.81317901611328,7.851937769849627e-05,3.7851096541499514
344,2.0805759049835615e-05,33.913387298583984,7.91318850833222e-05,3.8033644864279736
345,2.0867713828920387e-05,34.014373779296875,7.978622205825969e-05,3.823428992383662
346,2.0920720999129117e-05,34.10077667236328,8.036230543473217e-05,3.8412780055753086
347,2.0990933990105987e-05,34.2152214050293,8.1099359524304e-05,3.863542211248434
348,2.1043775632278994e-05,34.301353454589844,8.163060854887682e-05,3.8790856724239084
349,2.110453715431504e-05,34.400394439697266,8.222949602167557e-05,3.8962946886927066
350,2.1167785234865732e-05,34.50349044799805,8.284738075041457e-05,3.9138426543536347
351,2.123272315657232e-05,34.609336853027344,8.345898069942103e-05,3.9306771950063015
352,2.1293068130034953e-05,34.70770263671875,8.398742085572103e-05,3.9443550522084
353,2.13577804970555e-05,34.81318283081055,8.453600270658357e-05,3.958089311679093
354,2.1422500140033662e-05,34.91867446899414,8.508371484702891e-05,3.971698648190333
355,2.1478472262970172e-05,35.009910583496094,8.555688364635794e-05,3.983378454428612
356,2.1536168787861243e-05,35.10395431518555,8.605100497169782e-05,3.9956505643752225
357,2.1597825252683833e-05,35.2044563293457,8.65965903638093e-05,4.009505093715324
358,2.166537888115272e-05,35.31456756591797,8.720971747246647e-05,4.025303132285976
359,2.17176948353881e-05,35.39984130859375,8.767890921350936e-05,4.037210665224015
360,2.1731331798946485e-05,35.42206954956055,8.779799879492649e-05,4.040157299479586
361,2.1786441720905714e-05,35.51190185546875,8.827407638704574e-05,4.0517895266182995
362,2.1840502085979097e-05,35.60001754760742,8.875169324592149e-05,4.063628798300257
363,2.190289887948893e-05,35.701725006103516,8.929807370362399e-05,4.076997944196673
364,2.1965846826788038e-05,35.80432891845703,8.982884883762426e-05,4.089478067746296
365,2.2033862478565425e-05,35.91519546508789,9.039849963185746e-05,4.102707808029448
366,2.2090669517638162e-05,36.007789611816406,9.087428755927599e-05,4.113695489705188
367,2.2149466531118378e-05,36.10363006591797,9.1362576638848e-05,4.124820636672683
368,2.2217383957467973e-05,36.21433639526367,9.194659621740638e-05,4.138497871460703
369,2.228156336059328e-05,36.318946838378906,9.256951688715558e-05,4.154534194439522
370,2.2334366803988814e-05,36.4050178527832,9.312509130102463e-05,4.169587260669191
371,2.2403219190891832e-05,36.51724624633789,9.38785243081341e-05,4.190403330352675
372,2.245442556159105e-05,36.600711822509766,9.445855266120967e-05,4.206678652371485
373,2.2520065613207407e-05,36.707706451416016,9.519674054454489e-05,4.227196411395648
374,2.2581249140785076e-05,36.807437896728516,9.585125275709416e-05,4.24472765698212
375,2.2644029741059057e-05,36.909767150878906,9.647801202227141e-05,4.260637930859701
376,2.269956166855991e-05,37.00028610229492,9.701516874172032e-05,4.273878507358645
377,2.2762011212762445e-05,37.10207748413086,9.76149516524828e-05,4.288502924458231
378,2.282282912347e-05,37.201210021972656,9.819574300452603e-05,4.302522814910174
379,2.289301119162701e-05,37.315608978271484,9.885898002854616e-05,4.3183039225832935
380,2.294796286150813e-05,37.40517807006836,9.937557650292724e-05,4.330474870587111
381,2.301087079104036e-05,37.507720947265625,9.99719874172864e-05,4.344554724813459
382,2.307157228642609e-05,37.60666275024414,0.00010054060450360857,4.357769954098904
383,2.3129685359890573e-05,37.701385498046875,0.00010108920256934045,4.370539460283376
384,2.319369923498016e-05,37.805728912353516,0.00010170005913075236,4.38481408680901
385,2.3265452909981832e-05,37.92268753051758,0.00010235856278030761,4.399594676980976
386,2.331609903194476e-05,38.00524139404297,0.00010281504827175452,4.409616211137652
387,2.3374223019345663e-05,38.09998321533203,0.00010335300388822398,4.421665858269767
388,2.337906880711671e-05,38.10788345336914,0.0001033984311488597,4.422692452035758
389,2.3437491108779795e-05,38.20310974121094,0.0001039207117026216,4.433952048036933
390,2.350591603317298e-05,38.31464385986328,0.00010447205817185366,4.444500611012833
391,2.3565698938909918e-05,38.41209030151367,0.00010492454285809044,4.452426517460379
392,2.3621731088496745e-05,38.503421783447266,0.0001053377882816146,4.459359387632338
393,2.3692811737419106e-05,38.61928176879883,0.0001058380021332281,4.4670933659627
394,2.3752323613734916e-05,38.716285705566406,0.00010627980650747647,4.474501452397675
395,2.381388003414031e-05,38.81662368774414,0.00010680355573720677,4.4849287719636575
396,2.3866559786256403e-05,38.90249252319336,0.00010727934721208386,4.494964845074188
397,2.3931161194923334e-05,39.00779342651367,0.00010784126802935668,4.506311547148566
398,2.3991673515411094e-05,39.10642623901367,0.00010832408651734503,4.515070049105281
399,2.405643681413494e-05,39.21199035644531,0.00010880287597582814,4.522817606633181
400,2.412169851595536e-05,39.31836700439453,0.00010927759026595583,4.5302610093428495
401,2.4179997126339003e-05,39.413394927978516,0.0001097249545200999,4.537839849475322
402,2.4241182472906075e-05,39.513126373291016,0.00011025019147348607,4.548053363185178
403,2.4302593374159187e-05,39.61322784423828,0.00011084246579335721,4.560931588116657
404,2.4355793357244693e-05,39.69994354248047,0.00011138739713032763,4.573343002895661
405,2.4364449927816167e-05,39.714054107666016,0.0001114769296198721,4.575392834648083
406,2.441831566102337e-05,39.80185317993164,0.00011202712949738732,4.587831980409916
407,2.4488608687533997e-05,39.91643142700195,0.00011271942340290371,4.602932932661212
408,2.455379035382066e-05,40.02267837524414,0.00011329099806039072,4.613992236142157
409,2.4603590645710938e-05,40.103851318359375,0.00011367625096529176,4.620311425361345
410,2.4669410777278244e-05,40.21113967895508,0.00011419287283487293,4.628925833123272
411,2.4731845769565552e-05,40.31290817260742,0.00011471350180342626,4.638291168085404
412,2.4791503165033646e-05,40.41014862060547,0.00011523466051329594,4.648151414869625
413,2.484684227965772e-05,40.5003547668457,0.00011574039407758263,4.658153047171716
414,2.4911721993703395e-05,40.60610580444336,0.00011637025197172919,4.6713050186230625
415,2.497639798093587e-05,40.71152877807617,0.0001170521973838247,4.686512341498121
416,2.5032300982275046e-05,40.802650451660156,0.00011766931738952708,4.7006992075098
417,2.5099634513026103e-05,40.91240310668945,0.00011837258286547984,4.716107830337025
418,2.5155515686492436e-05,41.00349044799805,0.00011890059001667217,4.726621051959484
419,2.521582973713521e-05,41.101802825927734,0.00011945178248776625,4.7371743755015245
420,2.5278375687776133e-05,41.20375061035156,0.00012000879372175384,4.747488335644387
421,2.5344286768813618e-05,41.311187744140625,0.00012056403222094787,4.757049717781092
422,2.5402998289791867e-05,41.40688705444336,0.00012105131001318667,4.765237104386644
423,2.547370968386531e-05,41.52214813232422,0.00012163671395439238,4.774990194358514
424,2.5525298042339273e-05,41.60623550415039,0.00012205451691966246,4.7817078067887175
425,2.55877421295736e-05,41.7080192565918,0.00012253653660394375,4.788876485601262
426,2.5651082978583872e-05,41.81126403808594,0.00012302227731450524,4.795987655461437
427,2.5715948140714318e-05,41.916996002197266,0.0001235556446786315,4.804631118500905
428,2.5767312763491645e-05,42.0007209777832,0.00012400173585749245,4.812365844884842
429,2.582965862529818e-05,42.10234451293945,0.00012461171557663208,4.824365563027008
430,2.589570067357272e-05,42.209991455078125,0.00012534945585000607,4.840550847806512
431,2.595778278191574e-05,42.311187744140625,0.0001261008266981749,4.857919790669748
432,2.6027244530268945e-05,42.424407958984375,0.00012701687676205573,4.880150744130394
433,2.607683745736722e-05,42.505245208740234,0.00012768402035032576,4.896453435316886
434,2.61397708527511e-05,42.607826232910156,0.00012850063141767726,4.915905045286697
435,2.6198089472018182e-05,42.702884674072266,0.00012923281692600467,4.932909976662094
436,2.626847526698839e-05,42.8176155090332,0.00013007644866880124,4.951808102553573
437,2.6327943487558514e-05,42.914546966552734,0.0001307520274380426,4.96628335212853
438,2.6382345822639763e-05,43.00322341918945,0.0001313403518490863,4.97834243899486
439,2.6444757168064825e-05,43.10495376586914,0.00013199352465963354,4.991292747396877
440,2.6514468117966317e-05,43.21858215332031,0.00013271810010996455,5.005497357875876
441,2.657780896697659e-05,43.32182693481445,0.0001333920118067359,5.018924320378624
442,2.664081875991542e-05,43.42453384399414,0.0001340886392704197,5.033202638357854
443,2.6691699531511404e-05,43.507469177246094,0.0001346539411844122,5.044787089163951
444,2.675069663382601e-05,43.603633880615234,0.00013527531643906513,5.056889481824213
445,2.6809810151462443e-05,43.699989318847656,0.00013584175534826204,5.066867485477215
446,2.6816422177944332e-05,43.71076965332031,0.00013590106232080925,5.067829758161535
447,2.6872770831687376e-05,43.802616119384766,0.00013639321960603746,5.075517536331149
448,2.6935786081594415e-05,43.905330657958984,0.00013693591138788243,5.083791168116403
449,2.6997848181053996e-05,44.006492614746094,0.00013746960582696074,5.091872689447575
450,2.705751649045851e-05,44.10375213623047,0.0001379871890512693,5.099772889353268
451,2.711679735512007e-05,44.20037841796875,0.00013852429729130475,5.108431334172626
452,2.717926872719545e-05,44.302207946777344,0.0001391047808126414,5.11804722227327
453,2.724701516854111e-05,44.412635803222656,0.00013972878831725199,5.128223677086663
454,2.730742926360108e-05,44.5111083984375,0.0001402857032686522,5.137272421891553
455,2.7364942070562392e-05,44.604854583740234,0.00014083263526889418,5.146462028158053
456,2.7427293389337137e-05,44.70648956298828,0.00014148425243020328,5.158520398706489
457,2.7494674213812687e-05,44.81631851196289,0.00014225674207786669,5.173974456711337
458,2.755009882093873e-05,44.90666198730469,0.00014289416493714791,5.186702445820084
459,2.7613901693257503e-05,45.010658264160156,0.0001436300175952313,5.201366296972857
460,2.767187834251672e-05,45.10516357421875,0.00014432811325602507,5.2156962917212155
461,2.7731843147194013e-05,45.202903747558594,0.00014508905302929373,5.2318575530373375
462,2.7791875254479237e-05,45.300758361816406,0.00014586773721395865,5.248574839887749
463,2.785298420349136e-05,45.40036392211914,0.00014664154813779224,5.264841536061001
464,2.792031409626361e-05,45.51011276245117,0.0001474599633246779,5.2814578953612665
465,2.7983855034108274e-05,45.613685607910156,0.00014817535976424315,5.295030280268348
466,2.8043285055900924e-05,45.71055603027344,0.00014879667321918236,5.30596443756764
467,2.8106613171985373e-05,45.813777923583984,0.00014945346610130723,5.3173772729854045
468,2.8162652597529814e-05,45.90512466430664,0.00015004922330434732,5.327950653253037
469,2.822336864483077e-05,46.00408935546875,0.0001507120826491906,5.33997498830793
470,2.8289514375501312e-05,46.111907958984375,0.00015146450552574423,5.3540864475535965
471,2.8347385523375124e-05,46.20623779296875,0.00015213455781834867,5.366793268920663
472,2.841101559170056e-05,46.30995559692383,0.0001528742108555956,5.380807678703794
473,2.8469821700127795e-05,46.40580749511719,0.00015356373063175917,5.39391262260943
474,2.8535088858916424e-05,46.5121955871582,0.00015435698362372305,5.409374555898422
475,2.8592114176717587e-05,46.60514450073242,0.00015508067903082626,5.423896885425411
476,2.8658831070060842e-05,46.71389389038086,0.00015591773813743872,5.440477937019631
477,2.8724502044497058e-05,46.82093811035156,0.00015672445972558002,5.456124512891417
478,2.878647683246527e-05,46.921958923339844,0.00015748314596121077,5.470733597506518
479,2.8845341148553416e-05,47.017906188964844,0.0001581856367880177,5.483923243388323
480,2.8898140953970142e-05,47.10396957397461,0.00015878783113975814,5.494742080214791
481,2.8961527277715504e-05,47.20729064941406,0.00015947911549650453,5.506585131621011
482,2.9020860893069766e-05,47.30400466918945,0.00016010795891055016,5.516995498530653
483,2.908656642830465e-05,47.411102294921875,0.00016078744027949398,5.527893458164553
484,2.9142973289708607e-05,47.503047943115234,0.00016134039898194064,5.536168097128082
485,2.9203003578004427e-05,47.600894927978516,0.00016189720087911321,5.543854434242287
486,2.9266515412018634e-05,47.70442199707031,0.0001624977484729314,5.55234356346365
487,2.933239193225745e-05,47.811798095703125,0.00016317996083471873,5.563131749077248
488,2.9400278435787186e-05,47.922454833984375,0.00016393517226168954,5.5759734595622445
489,2.9462376915034838e-05,48.02367401123047,0.00016467515727669382,5.5893371316100104
490,2.951156784547493e-05,48.10385513305664,0.00016528403898533547,5.6006525932738205
491,2.9572307539638132e-05,48.20286178588867,0.0001660218014495524,5.6140969461723635
492,2.9633412850671448e-05,48.30246353149414,0.00016674168719998537,5.626813490576644
493,2.969483466586098e-05,48.40258026123047,0.0001674677948579305,5.639627118397862
494,2.9761125915683806e-05,48.51063537597656,0.00016822961768504612,5.652663080074899
495,2.9820990675943904e-05,48.60821533203125,0.00016886929516592405,5.662766103278658
496,2.9877544875489548e-05,48.70039749145508,0.00016948070038734812,5.672510947389922
497,2.994315218529664e-05,48.80733871459961,0.0001702521078959212,5.685844524395872
498,3.00011506624287e-05,48.90187454223633,0.0001709671500284109,5.6986864254682725
499,3.007206214533653e-05,49.017459869384766,0.0001717936032128467,5.712731051917165
500,3.0122841053525917e-05,49.1002311706543,0.00017233766958283406,5.721162531668364
501,3.019143514393363e-05,49.212039947509766,0.00017302376763566083,5.7308891349746425
502,3.0249311748775654e-05,49.30637741088867,0.0001735488815905122,5.7372836457192
503,3.0312514354591258e-05,49.40939712524414,0.00017407834334690902,5.742787988834136
504,3.036829366465099e-05,49.50032043457031,0.00017454713982671671,5.747676894665023
505,3.0431245249928907e-05,49.602928161621094,0.00017510848878717295,5.754233431758171
506,3.0492063160636462e-05,49.702064514160156,0.0001756893132247241,5.761804712890964
507,3.0556511774193496e-05,49.80711364746094,0.00017632913646245234,5.770591151420992
508,3.061780444113538e-05,49.907020568847656,0.00017692945509649297,5.778646063164026
509,3.0675459129270166e-05,50.000999450683594,0.00017746434526813508,5.785222138657435
510,3.073826155741699e-05,50.10336685180664,0.00017803139122220021,5.791849707884411
511,3.080066016991623e-05,50.205074310302734,0.0001786019752330702,5.798641141059542
512,3.086695869569667e-05,50.313140869140625,0.0001791721420425511,5.804658107360946
513,3.093148916377686e-05,50.41832733154297,0.00017967179180061293,5.80870163894412
514,3.0991999665275216e-05,50.51696014404297,0.00018012170405028337,5.8118774521057945
515,3.104808274656534e-05,50.608375549316406,0.0001805356713568355,5.814712387572693
516,3.111107798758894e-05,50.711055755615234,0.0001810154900866755,5.818361233220126
517,3.1170515285339206e-05,50.80794143676758,0.0001814939883523443,5.822617518219485
518,3.123305214103311e-05,50.909873962402344,0.0001820262016720462,5.8279991609563275
519,3.1290717743104324e-05,51.003868103027344,0.00018253603647011958,5.833552236440657
520,3.1353738449979573e-05,51.10659408569336,0.00018305658164676156,5.838429185687132
521,3.141452543786727e-05,51.2056770324707,0.00018350890154021797,5.841530278824941
522,3.1473246053792536e-05,51.3013916015625,0.00018396087723289206,5.844992185377864
523,3.154114165226929e-05,51.41205978393555,0.00018455743445953957,5.8513238516926425
524,3.160472260788083e-05,51.51569747924805,0.0001851215870716977,5.857402685304269
525,3.1666313589084893e-05,51.616092681884766,0.00018562310038922349,5.861847476089108
526,3.172020296915434e-05,51.70392990112305,0.00018602792881096053,5.86465127577713
527,3.178411498083733e-05,51.808109283447266,0.00018648131090424186,5.8671229643069065
528,3.184122761012986e-05,51.90119934082031,0.00018690463424699805,5.8698941050732865
529,3.191338691976853e-05,52.018821716308594,0.00018745112114970823,5.873745761331052
530,3.196471152477898e-05,52.10247802734375,0.000187838387435475,5.876429927730243
531,3.2033451134338975e-05,52.21452713012695,0.00018840518768978702,5.881513886832564
532,3.20890212606173e-05,52.30510330200195,0.00018890627257727325,5.88694404366633
533,3.21487314067781e-05,52.40243148803711,0.00018944946540495186,5.892906410764599
534,3.221205042791553e-05,52.50564193725586,0.00019000008122462716,5.898416235557913
535,3.227140769013204e-05,52.602394104003906,0.00019049211153132249,5.90281382703895
536,3.233686220482923e-05,52.709083557128906,0.00019101017591907605,5.906886534295536
537,3.240011210436933e-05,52.81218338012695,0.00019149442935800193,5.910301444055124
538,3.245435800636187e-05,52.900604248046875,0.00019191098940247523,5.913257916390022
539,3.2519263186259195e-05,53.00639724731445,0.00019241912952686212,5.917081467213795
540,3.2584172004135326e-05,53.11220169067383,0.0001929642353983497,5.9220235939664265
541,3.264699626015499e-05,53.214603424072266,0.0001935264943736259,5.927849926267831
542,3.270965680712834e-05,53.316741943359375,0.000194094492438377,5.933859030770339
543,3.276815186836757e-05,53.412086486816406,0.00019465786419188018,5.940459046144477
544,3.2831125281518325e-05,53.514732360839844,0.0001953303880833609,5.9495489846435
545,3.289271626272239e-05,53.61512756347656,0.00019603496434993315,5.959829002389242
546,3.2947496947599575e-05,53.70441818237305,0.00019668616299575235,5.9696845350214724
547,3.3016298402799293e-05,53.816566467285156,0.0001975054476633308,5.982059080450559
548,3.306761209387332e-05,53.90020751953125,0.00019810206656163088,5.9908186293964265
549,3.3134081604657695e-05,54.00855255126953,0.00019881964454456356,6.000457381520279
550,3.319784445920959e-05,54.11248779296875,0.00019941442638690793,6.006848626329632
551,3.32561248796992e-05,54.20748519897461,0.00019988390647789482,6.010438895119483
552,3.332233973196708e-05,54.31541442871094,0.00020039294206251955,6.01377165212312
553,3.337649104651064e-05,54.40367889404297,0.00020081849885314094,6.01676487121721
554,3.344585275044665e-05,54.51673889160156,0.0002013414663687031,6.019923243428569
555,3.349874896230176e-05,54.602962493896484,0.00020172077135099535,6.021740441053615
556,3.356200613779947e-05,54.70606994628906,0.00020216696888742116,6.0236854750982545
557,3.362206189194694e-05,54.80396270751953,0.0002025909435043234,6.025535975616278
558,3.368710895301774e-05,54.90998840332031,0.00020306554688209215,6.027989732372129
559,3.3744694519555196e-05,55.00385284423828,0.0002035109733731105,6.030902821039764
560,3.3812295441748574e-05,55.11404037475586,0.00020405961263217517,6.035071265236241
561,3.386874232091941e-05,55.206050872802734,0.00020450367195498802,6.0381241800252505
562,3.3927903132280335e-05,55.30248260498047,0.0002049413475383602,6.040495539595283
563,3.398990156711079e-05,55.40353775024414,0.0002053735099107824,6.042191958258135
564,3.405955794733018e-05,55.5170783996582,0.00020582395291612125,6.043060019581233
565,3.411388024687767e-05,55.60562515258789,0.00020616137689193604,6.043328269899913
566,3.417306288611144e-05,55.702091217041016,0.00020654610595974366,6.044120383592769
567,3.4237200452480465e-05,55.806636810302734,0.00020698685991910745,6.04567129273303
568,3.43074461852666e-05,55.921138763427734,0.00020743964915414712,6.046490550008718
569,3.436384940869175e-05,56.0130729675293,0.0002077674523019977,6.046105307673897
570,3.441807348281145e-05,56.10145950317383,0.00020807392059118802,6.045484233598987
571,3.448385541560128e-05,56.208683013916016,0.00020843420662803637,6.044399737673647
572,3.45439366356004e-05,56.306617736816406,0.00020877145095111037,6.04364966139829
573,3.4614760807016864e-05,56.422061920166016,0.00020921674403238935,6.044148194430925
574,3.467144415481016e-05,56.51445388793945,0.00020960618495658736,6.045499115083948
575,3.4730554034467787e-05,56.610801696777344,0.0002100341800270577,6.047533241727518
576,3.4792035876307636e-05,56.71101760864258,0.00021049825437546607,6.050185022912363
577,3.485476554487832e-05,56.81326675415039,0.00021101445869387304,6.054106386748605
578,3.490788003546186e-05,56.899845123291016,0.00021149672512282274,6.058710093765924
579,3.492270479910076e-05,56.924007415771484,0.00021163453513763452,6.060084302035047
580,3.4969263651873916e-05,56.999900817871094,0.0002120299841241384,6.063324244826535
581,3.498334262985736e-05,57.022850036621094,0.00021213743819672564,6.063955650014757
582,3.50385598721914e-05,57.11285400390625,0.00021252929890951594,6.065583165653772
583,3.509428643155843e-05,57.20368576049805,0.00021290480020240275,6.06665135128517
584,3.515651769703254e-05,57.30512237548828,0.00021335124823050356,6.068611518043265
585,3.522484621498734e-05,57.416500091552734,0.00021387996847766337,6.071849602189676
586,3.527944500092417e-05,57.505496978759766,0.00021433593769936319,6.075377254198543
587,3.534419374773279e-05,57.61103439331055,0.00021490729511734307,6.080412999408953
588,3.540361285558902e-05,57.707889556884766,0.00021541901355620356,6.08466187998653
589,3.546188963809982e-05,57.802879333496094,0.00021588764955843425,6.087877768546412
590,3.552514317561872e-05,57.905982971191406,0.00021636834212902234,6.090569179676613
591,3.5584344004746526e-05,58.002479553222656,0.00021681796139517138,6.093071755552117
592,3.5654757084557787e-05,58.117252349853516,0.0002173751049196414,6.0966648687052025
593,3.5713990655494854e-05,58.21380615234375,0.00021788293495158617,6.100772581068683
594,3.577881579985842e-05,58.3194694519043,0.00021848862251118626,6.106647680386639
595,3.583789657568559e-05,58.415771484375,0.00021906717796982823,6.112724208218612
596,3.5889926948584616e-05,58.500579833984375,0.00021958221952935648,6.11821305303649
597,3.595563612179831e-05,58.60768508911133,0.00022022559531999314,6.124925577007943
598,3.601648495532572e-05,58.706871032714844,0.0002208008441831021,6.130549509675361
599,3.6078716220799834e-05,58.80830764770508,0.00022137755165970018,6.13595978041129
600,3.614627348724753e-05,58.918426513671875,0.0002220336944190126,6.142644123393425
601,3.61973543476779e-05,59.001686096191406,0.00022256717032970792,6.148713748301493
602,3.6262095818528906e-05,59.107215881347656,0.0002232795277674115,6.157380667813524
603,3.6321089282864705e-05,59.20337677001953,0.00022390501573127684,6.164600791224317
604,3.638854104792699e-05,59.31332015991211,0.00022457852220033272,6.171682505889493
605,3.644727621576749e-05,59.409061431884766,0.00022514034921968616,6.177151562351537
606,3.651430961326696e-05,59.51832580566406,0.00022573684701943602,6.182147476161448
607,3.6569505027728155e-05,59.60829162597656,0.00022622849929524038,6.18626090573845
608,3.6631412513088435e-05,59.70920181274414,0.0002268251038814434,6.192092751007038
609,3.6699584597954527e-05,59.8203239440918,0.00022754721761295826,6.200266845135919
610,3.675280458992347e-05,59.90707015991211,0.00022816769706696105,6.208171039265881
611,3.6809815355809405e-05,60.0,0.0002288892512343177,6.218158092395698
